"status_id","text","screen_name","created_at","favorite_count","retweet_count"
1463549308330983424,"MehrFortschrittWagen ist der Titel des Koalitionsvertrages den wir heute gemeinsam mit SPD und FDP vorgestellt haben ","ABaerbock","2021-11-24 16:45:21",1766,91
1461653288378589184,"Der bundesrat hat in dieser dramatischen Lage das Infektionsschutzgesetz einstimmig beschlossen Gut dass jetzt Klarheit und Rechtssicherheit herrschen und die Parteien an einem Strang ziehen Bund und Länder haben jetzt wirksame Instrumente gegen die vierte Welle","ABaerbock","2021-11-19 11:11:14",1524,78
1459868827211210752,"Es droht ein humanitäres Drama für die im Grenzgebiet Belarus gestrandeten Menschen Die Versorgungslage ist schlecht die Kälte setzt ihnen zu – gerade für Kinder Familien und Kranke nicht zu ertragen Humanitäre Soforthilfe ist jetzt am dringlichsten","ABaerbock","2021-11-14 13:00:26",3731,314
1459655494264631296,"Die Staatengemeinschaft hat die Bedrohung der Klimakrise erkannt aber noch lange nicht gebannt Nach der COP braucht es eine neue Dynamik des Machens Aufgabe der nächsten BuReg muss es sein mit anderen Industriestaaten und Akteuren der Wirtschaft gemeinsam voranzugehen ","ABaerbock","2021-11-13 22:52:43",1413,122
1458116375285805056,"Danke eucopresident für das Treffen und das Gespräch zum Stand der Koalitionsverhandlungen mit Robert Habeck und mir Dass wir die großen Fragen unserer Zeit auf europäischer Ebene gemeinsam angehen müssen darin sind wir uns ohne Frage einig ","ABaerbock","2021-11-09 16:56:49",550,34
1458039528963428352,"Ich denke heute am November an den Schrecken von und an das schlimmste Kapitel der deutschen Geschichte Der Antisemitismus ist bis heute nicht aus den Köpfen verschwunden und wir müssen ihn entschieden und in jeder Form bekämpfen niewieder ","ABaerbock","2021-11-09 11:51:27",3035,187
1457647076414828544,"Masel tov und alles Gute den jüdischen Gemeinden zur Grundsteinlegung der neuen Synagoge in Potsdam Jahre nach der Zerstörung der alten Synagoge endlich wieder ein sichtbarer Ort der Religionsausübung und ein wichtiges Zeichen gegen den wachsenden Antisemitismus ","ABaerbock","2021-11-08 09:51:59",918,47
1456172041355382784,"Enver Simsek Abdurrahim Özüdogru Süleyman Tasköprü Habil Kiliç Mehmet Turgut Ismail Yasar Theodoros Boulgarides Mehmet Kubasik Halit Yozgat und Michèle Kiesewetter wurden aufgrund rassistischer oder rechtsextremer Motive vom sogenannten NSU ermordet KeinVergessen","ABaerbock","2021-11-04 08:10:43",4442,380
1452983288595898368,"Herzlichen Glückwunsch Frau Bundestagspräsidentin liebe baerbelbas Alles Gute für Ihr Amt und die Aufgaben die vor Ihnen liegen Bundestag","ABaerbock","2021-10-26 12:59:45",3676,93
1450844224614805504,"Gratulation an Alexej Nawalny zum Sacharovpreis für geistige Freiheit navalny steht für den Kampf gegen Korruption und wirft auch ein Licht auf die mutige russische Zivilbevölkerung amp jene Menschen die jeden Tag für Gerechtigkeit amp Demokratie einstehen","ABaerbock","2021-10-20 15:19:53",2056,131
1450123118236872704,"Herzlichen Glückwunsch an Thomas de Maizière AnjaSiegesmund und Torsten Zugehör zur Wahl in das Präsidium des DEKT Vielen Dank für dieses wichtige Engagement in Zeiten des Wandels des Umbruchs und der Erneuerung inner und außerhalb der Kirchengemeinschaft jetztistdiezeit","ABaerbock","2021-10-18 15:34:28",488,25
1449034674706292736,"Wir haben intensiv gesprochen Brücken gebaut Gemeinsamkeiten gefunden Und am Ende einen gemeinsamen Vorschlag vorgelegt für eine Reform und Fortschrittskoalition mit der wir das nächste Jahrzehnt für eine echte Erneuerung nutzen Das Ergebnis ","ABaerbock","2021-10-15 15:29:22",2336,209
1448262463225532416,"Ein Tag des Innehaltens Nach Jahren AfghanistanEinsatz der auf dramatische Weise endete ehren wir mit dem Großen Zapfenstreich die Arbeit der eingesetzten Soldatinnen und gedenken der Opfer Diese Menschen haben ihr Leben in den Dienst unseres Landes gestellt ","ABaerbock","2021-10-13 12:20:53",2350,116
1447112035980955648,"Herzlichen Glückwunsch liebe xsarahleee und Dzienus zur Wahl an die Spitze der gruenejugend Und besten Dank an annarmpeters und oekofuzzi für den tollen Job","ABaerbock","2021-10-10 08:09:30",3231,98
1446445867913842688,"Der Friedensnobelpreis für Maria Ressa und Dmitri Muratow ist ein wichtiges Zeichen für die Pressefreiheit Unabhängige Berichterstattung ist das Lebenselixier für freie Meinungsbildung Weltweit gehen Journalistinnen tagtäglich hohe Risiken ein Respekt und Dank dafür","ABaerbock","2021-10-08 12:02:23",3272,190
1442191650617532416,"Danke an die vielen Wählerinnen die heute für Grün gestimmt haben Danke für euer Vertrauen und eure Lust auf eine andere Politik Zum ersten Mal haben diegruenen um die Kanzlerinnenschaft gekämpft","ABaerbock","2021-09-26 18:17:38",35180,959
1442037977274896384,"In einer Demokratie zu leben bedeutet eine Wahl zu haben Das ist ein hohes Gut nutzen wir es Es geht um unser aller Zukunft Wer eine Klimaregierung will sollte heute Grün wählen btw","ABaerbock","2021-09-26 08:07:00",22172,1906
1441808176706473984,"Der Angriff auf unseren Wahlkampfstand in Plauen ist schockierend Umso mehr gilt wir müssen jeden Tag für unsere liberale Demokratie einstehen Und ich danke all jenen die das Tag für Tag tun ","ABaerbock","2021-09-25 16:53:51",7564,675
1441360969192468480,"Die Wahl am Sonntag ist eine Klimawahl So wie in Köln gehen heute deutschlandweit zehntausende Kinder Jugendliche und Menschen jeden Alters beim Klimastreik auf die Straße und machen deutlich Sie wollen den Aufbruch weil sie wissen dass es um unser aller Zukunft geht ","ABaerbock","2021-09-24 11:16:48",11453,1137
1440234187248652288,"Mich erschüttert der furchtbare Mord an einem jungen Mann der nur darum bat die geltenden Regeln zu befolgen umsichtig und solidarisch zu sein Mein Mitgefühl gilt seiner Familie und seinen Nächsten","ABaerbock","2021-09-21 08:39:23",32081,1662
1439625416692621312,"Ich freue mich auf die Diskussion heute Abend beim letzten TV Triell ","ABaerbock","2021-09-19 16:20:20",5349,252
1438837046093692928,"Ich freue mich dass der Hauptsitz der Initiative Bauhaus der Erde in Potsdam sein wird ein gutes Signal für die Region als Innovationsstandort Nachhaltiges Bauen ist entscheidend für die Eindämmung der Klimakrise und eine meiner Prioritäten für die kommende Bundesregierung ","ABaerbock","2021-09-17 12:07:38",905,95
1438527539463475200,"Heute Abend bin ich um Uhr im ZDF Klartext zu Gast Ich freue mich auf die Diskussion mit den Bürgerinnen und Bürgern

","ABaerbock","2021-09-16 15:37:46",2931,187
1438507552958943232,"Nach dem CoronaJahr gehen die Jugendämter davon aus dass sich die Schulabbrecherquote dieses Jahr mehr als verdoppelt Der OECDBericht zeigt wieder einmal dass unser Bildungssystem es nicht schafft allen Kindern gute Bildung und gleiche Chancen zukommen zu lassen ","ABaerbock","2021-09-16 14:18:21",1267,106
1437045896898822144,"Freue mich aufs zweite Triell und eine spannende Diskussion heute Abend um Uhr ","ABaerbock","2021-09-12 13:30:15",4672,249
1436986791333187584,"Mit Judith Holofernes habe ich im Tourbus darüber gesprochen warum die Bundestagswahl die wohl größte Konsumentscheidung ist und wann es im Leben auch mal die Chuzpe braucht Schiller umzudichten Vielen Dank für das spannende Gespräch jholofernes ","ABaerbock","2021-09-12 09:35:23",1896,218
1436584424586481664," war eine Zäsur Der Tag hat uns deutlich gemacht wie verwundbar wir sind Ich gedenke der Menschen die heute vor Jahren ihr Leben verloren haben September ","ABaerbock","2021-09-11 06:56:31",3751,186
1436248487851696128,"Klimakrise ist jetzt Hören wir auf nur zu reden Machen wir Dafür am September GRÜN wählen ","ABaerbock","2021-09-10 08:41:38",33191,7324
1435968515089985536,"Wir feiern dieses Jahr Jahre jüdisches Leben in Deutschland Unser aller Auftrag ist jüdisches Leben in Deutschland zu schützen und sichtbarer zu machen
Vielen Dank für die Einladung liebe ChaKnobloch und Israelitische Kultusgemeinde München und Oberbayern ","ABaerbock","2021-09-09 14:09:07",3120,185
1435935927268937728,"Hab mit Martin Rütter über Tierhaltung Landwirtschaft und Vertrauen gesprochen Wenn ihr wissen wollt wobei wir beide hartnäckig sein können schaut rein ","ABaerbock","2021-09-09 11:59:38",1694,204
1434882469333983232,"Heute Abend beginnt das Jahr nach dem jüdischen Kalender Ich wünsche allen Jüdinnen und Juden ein süßes gesundes und zuversichtliches Neues Jahr Schana towa umetuka
RoshHashanah","ABaerbock","2021-09-06 14:13:34",9019,402
1434845923088244736,"Maria Kolesnikowa und Maxim Znak sind mutige Kämpferinnen für Demokratie und Menschenrechte Sie sind unschuldig und das Urteil gegen sie nicht hinnehmbar Sie und alle politischen Gefangenen in Belarus müssen umgehend freigelassen werden WeStandByYou StandWithBelarus ","ABaerbock","2021-09-06 11:48:20",2915,265
1434155555300466688,"Ich bewundere die Kraft der Menschen in Altenahr Viele von ihnen haben in der Flutkatastrophe ihre Angehörigen verloren ihr Zuhause ihre Existenz Sie schufften jeden Tag um ihr Leben wieder aufzubauen Es ist großartig wie viele Ehrenamtliche helfen Ganz großen Dank ","ABaerbock","2021-09-04 14:05:04",4434,288
1433017064227328000,"Kinder sind nur so stark wie ihre Chancen Dass unser Schulsystem Ungleichheit verstärkt statt behebt ist ein Armutszeugnis Eine Bildungsoffensive ist überfällig stärkere Bundesfinanzierung va für Schulen in benachteiligten Gebieten amp Ganztagsausbau mit Qualität ","ABaerbock","2021-09-01 10:41:06",3172,304
1433012018160848896,"Ich freue mich auf das Gespräch heute Abend bei ProSieben ","ABaerbock","2021-09-01 10:21:03",2932,157
1432357608325885952,"Herzlichen Glückwunsch greenpeacede zu Jahren HopeInAction couragiertem Einsatz für unsere Lebensgrundlagen und eine friedlichere Welt ","ABaerbock","2021-08-30 15:00:40",2599,147
1432293055105847296,"Die Klimakrise erfordert konsequentes Handeln AgoraEW agoraverkehr amp StiftungKlima haben heute mit ihrem KlimaschutzSofortprogramm gezeigt was angepackt werden muss Unsere Vorschläge liegen auf dem Tisch wir sind für eine Klimaregierung bereit

","ABaerbock","2021-08-30 10:44:09",1410,154
1432012580776726528,"Heute bin ich um Uhr mit meinen zwei Mitbewerbern um das Kanzlerinnenamt im RTLTriell Ich freue mich auf eine spannende Diskussion im Streit um die besten Ideen für unser Land ","ABaerbock","2021-08-29 16:09:39",4813,226
1431255545210675200,"Mein Dank und Respekt gilt unseren Soldatinnen sowie den Polizistinnen Diplomatinnen Mitarbeiterinnen die am Evakuierungseinsatz in Afghanistan beteiligt waren Sie haben Unglaubliches geleistet angesichts des Risikos amp der großen psychischen und physischen Belastungen ","ABaerbock","2021-08-27 14:01:28",3251,184
1430925104096202752,"Die Entwicklungen in Kabul erschüttern mich zutiefst Meine Gedanken sind bei den Opfern amp den Hinterbliebenen Die Lage ist dramatisch Wir müssen weiter alles daran setzen dass auch nach dem Ende der Evakuierungsflüge den Menschen geholfen wird die unseren Schutz benötigen","ABaerbock","2021-08-26 16:08:24",6729,476
1429818097460989952,"Kinderarmut ist Realität für tausende Kinder in unserem Land DKSBBund dgbnews und viele weitere Verbände fordern wie wir eine eigenständige Kindergrundsicherung Die Union hat sie nicht im Programm Auch Chancengerechtigkeit ist eben wählbar
","ABaerbock","2021-08-23 14:49:33",2522,349
1428610837871267840,"Ein Jahr nach der NowitschokVergiftung von Alexej Nawalny sitzt der prominenteste Oppositionspolitiker Russlands immer noch zu Unrecht hinter Gittern Seine Gefangenschaft dient vor allem der Machtdemonstration Putins Nawalny muss unverzüglich freigelassen werden","ABaerbock","2021-08-20 06:52:20",6123,431
1427893850366939136,"Endlich kann plurales jüdisches Lernen unter einem Dach stattfinden Masel tow zur Eröffnung des Europäischen Zentrums für Jüdische Gelehrsamkeit an der UniPotsdam Potsdam Wissenschaftsstadt JüdischeGegenwart
","ABaerbock","2021-08-18 07:23:17",1288,103
1426892791309905920,"Niemand weiß wie lange eine Evakuierung aus Afghanistan noch möglich ist Die Bundesregierung muss alles unternehmen um Leben zu retten auch mit Hilfe der Bundeswehr Es geht um jede Stunde Entsprechend ist jetzt zu handeln pragmatisch unbürokratisch umgehend ","ABaerbock","2021-08-15 13:05:26",16402,1488
1426466339477237760,"Wenn der Bus nicht mehr fährt Geschäfte schließen Mobilfunknetz fehlt ziehen Menschen vom Land in die Stadt Ich möchte daher regionale Daseinsvorsorge im Grundgesetz verankern amp zur Priorität der nächsten Bundesregierung machen ","ABaerbock","2021-08-14 08:50:52",9209,898
1426130043101712384,"Kurt Biedenkopf war eine der prägenden Persönlichkeiten der CDU Er hat als Ministerpräsident Sachsens die wichtigsten Jahre nach der Wiedervereinigung gestaltet Seine Weitsicht wird fehlen Seiner Familie und den Angehörigen gilt mein aufrichtiges Beileid","ABaerbock","2021-08-13 10:34:33",1902,74
1426104643076214784,"Die innerdeutsche Grenze war der in Beton gegossene Kalte Krieg Der Gedanke an Jahre Mauerbau und die vielen Mauertoten erfüllt mich mit Schmerz","ABaerbock","2021-08-13 08:53:37",4371,247
1425496637883965440,"Ein Abschiebestopp nach Afghanistan war überfällig Es gibt dort aktuell keine sicheren Gebiete Vielen Dank an alle die Druck auf die Bundesregierung gemacht haben die diesen absolut notwendigen Schritt der Menschlichkeit bis gestern noch abgelehnt hatte ","ABaerbock","2021-08-11 16:37:37",7828,402
1424658011721715712,"Der IPCC Bericht zeigt Die Klimaerhitzung führt jetzt schon zu einem Temperaturanstieg von mehr als Grad und das Klima ändert sich immer schneller von der Ozeanerwärmung bis zu Wetterextremen in allen Regionen der Welt Wir haben keine Zeit mehr zu verlieren ","ABaerbock","2021-08-09 09:05:13",9515,1243
1423902238129410048,"Hochwasser Waldbrände Hitzewellen die Klimakrise ist längst da Klar ist Wir brauchen mehr Tempo beim Klimaschutz Die neue Bundesregierung muss Klimaschutz für alle Bereiche zum Handlungsmaßstab machen mit einem starken Klimaschutzministerium als Motor der Veränderung","ABaerbock","2021-08-07 07:02:03",12942,1227
1422527527579492352,"Die nächste Bundesregierung muss ihre ganze Kraft auf die Bewältigung der Jahrhundertaufgabe Klimaschutz ausrichten Sie muss handeln statt reden Mit dem Klimaschutzsofortprogramm legen Robert Habeck amp ich konkrete Vorschläge für die ersten Regierungsmonate vor ","ABaerbock","2021-08-03 11:59:26",6846,850
1422444849253527552,"bykalesnikava und Maksim Znak soll morgen unter Ausschluss der Öffentlichkeit der Prozess gemacht werden Beide belarussischen Oppositionellen brauchen unsere Unterstützung Die Bundesregierung muss sich für ein öffentliches Verfahren amp unabhängige Prozessbeobachter einsetzen","ABaerbock","2021-08-03 06:30:54",3538,297
1421035100683345920,"Corona war eine Zäsur im Bildungssystem Klar ist wir müssen vieles besser machen Darum schlage ich eine nationale Bildungsoffensive vor nicht nur für sichere Bildung in der Pandemie sondern auch um Schulen zu den schönsten fairsten amp modernsten Orten des Landes zu machen ","ABaerbock","2021-07-30 09:09:04",4824,587
1420758450083033088,"Wir wollen Vorsorge zum Leitprinzip einer neuen Politik machen Denn Klimapolitik heißt auch alles dafür zu tun Menschen vor den Folgen der Klimakrise zu schützen Wie das konkret gehen kann hat Robert Habeck heute vorgestelltUBUFEF
","ABaerbock","2021-07-29 14:49:45",1933,253
1420649701540564992,"Am EarthOvershootDay haben wir alle Ressourcen verbraucht die die Erde in einem Jahr herstellen kann Ab heute leben wir auf Kosten des Planeten amp kommender Generationen Wir müssen die planetaren Grenzen zur politischen Leitlinie machen Alles andere gefährdet unsere Zukunft","ABaerbock","2021-07-29 07:37:37",13314,1728
1420246632923373568,"Die Genfer Flüchtlingskonvention ist heute wichtiger denn je Über Millionen Menschen weltweit müssen aus ihren Heimatländern fliehen Dass die GFK immer noch so sehr gebraucht wird ist kein Grund zum Feiern dass es sie seit Jahren gibt umso mehr","ABaerbock","2021-07-28 04:55:58",3708,292
1420000258554269696,"Wer Klimaschutz sagt muss Windräder bauen Auch darum gehts bei BTW Wir wollen der Landesfläche für Windkraft nutzen die Union verhindert das Erneuerbare sind der Rohstoff für eine klimaneutrale Industrie Wer das nicht kapiert kann das Land nicht modernisieren","ABaerbock","2021-07-27 12:36:58",17245,1850
1419971243730685952,"Tausende Menschen pendeln täglich zwischen Polen und Deutschland um zu arbeiten um einzukaufen oder Freunde und Familie zu besuchen Die deutschpolnische Freundschaft ist ein zentraler Baustein unserer europäischen Integration ","ABaerbock","2021-07-27 10:41:40",1288,81
1419647757225283584,"Nach Jahren Union steht es nach beim Klimaschutz Klar ist wir müssen mehr tun jetzt Es braucht neben Klimaschutz amp Vorsorge auch einen besseren Katastrophenschutz um die Menschen vor Extremwetterereignissen zu schützen Hier IreneMihalic amp meine Vorschläge dazu ","ABaerbock","2021-07-26 13:16:15",5524,715
1419311837800173568,"Vorigen Dienstag war ich beim Zentralrat der Juden für die Aufzeichnung der Sendung Tachles Arena bei der sich die Spitzen der demokratischen Parteien den Fragen des Zentralrats stellen Das Interview wird ab dem August auf den OnlineKanälen des Zentralrats ausgestrahlt ","ABaerbock","2021-07-25 15:01:26",6418,438
1418947627920601088,"Danke für die Initiative ","ABaerbock","2021-07-24 14:54:11",1670,114
1418499471080558592,"Gemeinsam gegen Kinderarmut heute habe ich neuwertige Schulranzen an das Büro Kinderarmut der AWOPotsdam überreicht die von Familien gespendet wurden Vielen Dank an die AWO und die vielen Spenderinnen ","ABaerbock","2021-07-23 09:13:23",4269,235
1418097225641730048,"Meine Gedanken sind bei den Opfern der Anschläge von Utøya und dem OEZ München und ihren Angehörigen Die Schicksale der jungen Menschen erschüttern Bei allen Unterschieden waren beide Taten rechtsextremistisch motiviert und gegen eine vielfältige Gesellschaft gerichtet","ABaerbock","2021-07-22 06:35:00",8036,486
1417147278767366144,"EidAlAdha mubarak Ich wünsche allen die es feiern ein gesegnetes und friedvolles Opferfest","ABaerbock","2021-07-19 15:40:15",8691,479
1416718336319180800,"Die Einsatzkräfte der Feuerwehren der Hilfsorganisationen des THW der Polizei und Bundeswehr leisten Unglaubliches Viele mit denen ich in NRW gesprochen habe arbeiten nun schon seit mehreren Tagen durch um Menschen zu retten","ABaerbock","2021-07-18 11:15:47",9814,639
1416113134855671808,"Heute war ich in RheinlandPfalz unterwegs Die Gespräche gehen unter die Haut Nach wie vor sind nicht alle Orte erreicht Menschen weiter abgeschnitten Zugleich gibt es eine unglaubliche Solidarität zu helfen Betroffene zu Hause aufzunehmen und zu unterstützen ","ABaerbock","2021-07-16 19:10:56",13570,1161
1415655112413007872,"Ich habe eben mit Anne Spiegel der stv Ministerpräsidentin von RLP telefoniert die mir von den erschütternden Ausmaßen der Überschwemmungen berichtet hat Meine Gedanken sind bei den Menschen die um Angehörige trauern sich um Vermisste sorgen und um Verletzte kümmern","ABaerbock","2021-07-15 12:50:55",10552,613
1415408297939701760,"Meine Gedanken sind heute bei den Menschen im Westen und Osten Deutschlands deren Straßen und Häuser durch Starkregen überschwemmt werden","ABaerbock","2021-07-14 20:30:09",11132,641
1413808309380030464,"Ihre Stimme hatte Gewicht und sie wird fehlen Es ist an uns das Erlebte das Erzählte von Menschen wie EstherBejarano weiterzutragen zu erinnern und für die Zukunft nie zu vergessen","ABaerbock","2021-07-10 10:32:22",13175,779
1411024929089363968,"Deutschland erlebt diese Woche extreme Unwetter amp Überschwemmungen Hier braucht es endlich politische Antworten wie einen KlimaAnpassungsfonds Wer durch wetterbedingte Katastrophen Hab amp Gut verliert darf nicht im Stich gelassen werden Klimapolitik ","ABaerbock","2021-07-02 18:12:13",7781,936
1410595020348870656,"Ich bin heute ab Uhr live im Gespräch mit brigitteonline Der Stream und alle weiteren Infos finden sich unter ","ABaerbock","2021-07-01 13:43:55",2273,196
1410551745621671936,"Vielen Dank an all die Hilfskräfte die seit Tagen pausenlos für uns im Einsatz sind In großen Teilen des Landes wüten Unwetter und Überschwemmungen Wieder zeigt sich wie wichtig eine gute Ausstattung von THW und Feuerwehr sind – und wie zentral das Ehrenamt in unserem Land","ABaerbock","2021-07-01 10:51:57",9978,526
1408507482604027904,"Entsetzliche Nachrichten aus Würzburg Ich denke an die Opfer an ihre Familien an alle die die furchtbare Tat miterlebt haben Den Verletzten wünsche ich eine schnelle und volle Genesung Mein großer Dank gilt allen Einsatzkräften und den mutigen Menschen für ihr Eingreifen","ABaerbock","2021-06-25 19:28:47",7159,353
1408447017362202624,"Uns verbindet die Überzeugung dass progressive Kräfte gemeinsam auch in schwierigen Lagen viel bewegen können bpkaracsonyg hat es geschafft Bürgermeister von Budapest zu werden Er will MP Orbán herausfordern und steht ein für Klimaschutz und gesellschaftliche Solidarität B ","ABaerbock","2021-06-25 15:28:31",2027,140
1408414365146136576,"Was für ein furchtbarer Anschlag auf BundeswehrSoldaten in Mali Meine Gedanken sind bei den Verletzten ihren Angehörigen und ihren Kameradinnen und Kameraden","ABaerbock","2021-06-25 13:18:46",3745,175
1408037661080702976,"In diesem Jahrzehnt gilt es Europas Versprechen zu erneuern klimagerechten Wohlstand zu schaffen Europa kann nur zum ersten klimaneutralen Kontinent werden wenn wir bereit sind massiv in unsere Zukunft zu investieren 
Regierungserklärung
 ","ABaerbock","2021-06-24 12:21:53",2976,454
1407268817974218752,"Für Toleranz Gegen Homofeindlichkeit Nicht nur wenn es um Fußball geht Lasst uns ein starkes Zeichen der Vielfalt setzen und den Regenbogen durchs Land tragen Bereit weil ihr es seid Postet eurenUF Regenbogenfarben ","ABaerbock","2021-06-22 09:26:46",11024,819
1405809411281596416,"Mein Vorschlag ist ein Pakt zwischen Industrie und Politik in dessen Zentrum Klimaschutzverträge stehen Heißt Der Staat gleicht die Kosten aus die Unternehmen entstehen wenn sie klimaneutral werden Das garantiert Planungssicherheit beim Umbau auf klimaneutrale Produktion ","ABaerbock","2021-06-18 08:47:36",3632,390
1405534250284158976,"Heute habe ich mein Buch „Jetzt Wie wir unser Land erneuern“ vorgestellt Es ist mein persönliches Angebot für die Zukunft unseres Landes und macht konkrete Vorschläge was wir besser machen können für klimagerechten Wohlstand und sozialen Zusammenhalt B ","ABaerbock","2021-06-17 14:34:13",4559,326
1404442998671302656,"Ich gratuliere der neuen israelischen Regierung und wünsche ihr viel Erfolg für die kommenden Aufgaben Ganz besonders freue ich mich für die MeretzPartei mit der uns der Einsatz für Frieden Bürgerrechte Ökologie und sozialen Zusammenhalt verbindet ","ABaerbock","2021-06-14 14:17:58",2224,93
1404049998485065728,"Ein großartiges Wochenende geht zu Ende unser Wahlprogramm zur BTW steht Es ist eine Einladung die Zukunft dieses Landes gemeinsam zu gestalten Damit aus einer Zeit des Umbruchs ein Aufbruch wird allesistdrin dBDK ","ABaerbock","2021-06-13 12:16:20",4646,342
1403715263502114816,"Vielen Dank für das Vertrauen und die große Unterstützung Danke dass ihr Robert Habeck und mich als Spitzenduo für die BTW bestätigt habt Wir freuen uns auf den Wahlkampf mit euch Jetzt ist der Moment unser Land zu erneuern dBDK allesistdrin ","ABaerbock","2021-06-12 14:06:13",7363,451
1403352811082076160,"Los geht’s wir starten in unseren Parteitag Dieses Wochenende beschließen wir unser Wahlprogramm für die BTW Freue mich sehr auf spannende Redebeiträge und den Austausch dBDK allesistdrin B ","ABaerbock","2021-06-11 14:05:57",5751,284
1402188584246034432,"Kinder sind keine kleinen Erwachsenen Dass die Union eine Stärkung der Kinderrechte im Grundgesetz blockiert ist folgenschwer Nach Monaten Bildungsausfall braucht es endlich eine Politik die Kinder und Jugendliche in den Mittelpunkt stellt Dafür stehe ich","ABaerbock","2021-06-08 08:59:44",12689,1047
1401124480605425664,"Seit Jahren ist die Warteliste für Spenderorgane lang Gut dass es ab nächstem Jahr einfacher wird sich als Spenderin registrieren zu lassen Großen Dank an alle die bereits einen Organspendeausweis haben und sich dadurch bereit erklären Leben zu retten TagderOrganspende","ABaerbock","2021-06-05 10:31:22",4586,224
1400873194567909376,"Ich stehe zu meinem Wort Klimaschutz lässt sich sozial gestalten man muss es nur wollen Und wirtschaftspolitisch ist ohnehin klar Wir werden Arbeitsplätze Wettbewerbsfähigkeit und Innovationskraft nur in Deutschland halten können wenn wir klimaneutral werden ","ABaerbock","2021-06-04 17:52:51",11537,1417
1400491424261488640,"Ein Besuch bei Freunden Der österreichische Bundespräsident und ich haben uns heute darüber ausgetauscht wie wir die großen Herausforderungen unserer Zeit gemeinsam anpacken können Denn diese machen keinen Halt an nationalen Grenzen Danke vanderbellen für das gute Gespräch ","ABaerbock","2021-06-03 16:35:50",2388,134
1400409319267606528,"Wenn das Krankenhaus schließt oder der Bus nicht mehr fährt bröckelt das Vertrauen in den Staat Ich möchte den Einsatz für gute Daseinsvorsorge und gleichwertige Lebensverhältnisse zu einem Leitmotiv der nächsten Bundesregierung machen Vorschläge UF ","ABaerbock","2021-06-03 11:09:34",4606,479
1400020998427222016,"Heute gedenke ich Walter Lübcke Seine Ermordung vor zwei Jahren war der erste rechtsextrem motivierte Mord an einem Politiker seit der NSZeit Gemeinsam müssen wir Demokratinnen und Demokraten dafür Sorge tragen Rechtsextremismus entschieden zu bekämpfen KeinVergessen","ABaerbock","2021-06-02 09:26:31",9317,587
1396532685280010240,"Die erzwungene Landung kommt einer staatlichen Entführung eines Passagierflugzeuges gleich um einen Regimekritiker festzunehmen Wir fordern die sofortige Freilassung von Protasevich Er muss umgehend und sicher ausreisen können Genau wie die anderen politischen Gefangenen","ABaerbock","2021-05-23 18:25:13",13264,1138
1394685433209106432,"Es wäre ein starkes Zeichen wenn UFFAUFF und UFEUFEA gemeinsam auf der COP in Glasgow konkrete Maßnahmen für die nächsten Jahre vorstellen würden Es geht nicht um Klimaziele in ferner Zukunft sondern um konkretes Handeln in diesem Jahrzehnt Darüber hab ich mit JohnKerry gesprochen ","ABaerbock","2021-05-18 16:04:53",5701,392
1393217347930963968,"Herzlichen Glückwunsch zur Wiederwahl lieber clindner Auf einen fairen politischen Wettbewerb um die besten Ideen fürs Land btw","ABaerbock","2021-05-14 14:51:15",6731,123
1392427972167143424,"Herzlichen Glückwunsch lieber Winfried Kretschmann Ich wünsche dir gutes Gelingen und viel Erfolg für deine dritte Amtszeit Glückwunsch auch an die grünen Ministerinnen und Minister ein starkes Team für BadenWürttemberg Ich freue mich auf die Zusammenarbeit mit euch","ABaerbock","2021-05-12 10:34:33",2357,69
1392216000666476544,"Die Bilder aus Israel erfüllen mich mit großer Sorge Ich verurteile die fortlaufenden Raketenangriffe der Hamas aufs Schärfste Diese müssen sofort beendet werden Die Gewaltspirale zeigt wie dringend die Wiederaufnahme von Friedensverhandlungen ist
","ABaerbock","2021-05-11 20:32:15",3880,264
1391327536412561408,"Die Europäische Union ist nicht nur eine Antwort auf eine lange schmerzvolle Geschichte sondern vor allem ein Zukunftsversprechen Gemeinsam können wir so viel erreichen Für Klimaschutz für ein solidarisches Miteinander für die Menschenrechte Europatag B ","ABaerbock","2021-05-09 09:41:48",4305,301
1391294209563447296,"Gerade Mütter leisten in der CoronaPandemie unfassbares gehen bis an ihre Belastungsgrenzen Sie verdienen nicht nur Blumen sondern auch politisch unsere volle Unterstützung Es ist an der Zeit die strukturelle Schlechterstellung von Frauen zu beenden Muttertag B ","ABaerbock","2021-05-09 07:29:23",7037,360
1391131942368776192,"Bilder aus Kabul sind herzzerreißend Meine Gedanken sind bei den afghanischen Mädchen die ihrem Recht auf Bildung nachgehen wollten 

The news from Kabul are heartbreaking My heart goes out to all girls fighting for their right of education

UAUUUAUA UU UUUFU UUUAU UUUUUUUAUU ","ABaerbock","2021-05-08 20:44:35",2354,174
1390991230666956800,"Der TagderBefreiung mahnt uns die Erinnerung wach zu halten Es liegt in unseren Händen Freiheit und Demokratie zu verteidigen Gegen Faschismus Rassismus und Antisemtismus Für ein gemeinsames Europa Niewieder","ABaerbock","2021-05-08 11:25:27",8744,620
1390947260129857536,"Die Äußerung von Boris Palmer ist rassistisch und abstoßend Sich nachträglich auf Ironie zu berufen macht es nicht ungeschehen Das Ganze reiht sich ein in immer neue Provokationen die Menschen ausgrenzen und verletzen ","ABaerbock","2021-05-08 08:30:44",23364,1960
1390674430251122688,"Wer das Klima schützt schützt die Freiheit Klimaschutz ist nicht einfach nur Umweltpolitik Es geht ums Ganze ErneuerbareEnergien müssen schneller ausgebaut werden Und wir brauchen eine Politik die Klimaschutz zum Kern jedes politischen Handelns macht KlimaschutzIstJetzt ","ABaerbock","2021-05-07 14:26:36",4342,427
1388454008684220416,"Solidarität heißt nicht nur angemessener Lohn sondern auch gute Arbeitsbedingungen in allen Branchen TagDerArbeit SolidaritaetIstZukunft ","ABaerbock","2021-05-01 11:23:26",5182,324
1388119749402431488,"Ich bin zutiefst bestürzt über die Geschehnisse in Israel Allen die bei dem Unglück geliebte Menschen verloren haben oder selbst zu Schaden gekommen sind gilt mein tiefes Mitgefühl ","ABaerbock","2021-04-30 13:15:12",1191,47
1387825514035941376,"Ob Klimaschutz oder CoronaPandemie die Herausforderungen unserer Zeit lassen sich nur europäisch lösen Mit EUKommissar ThierryBreton habe ich über eine schnellere Impfstoffproduktion in der EU gesprochen und darüber wie Nachhaltigkeit zum europäischen Erfolgsmodell wird ","ABaerbock","2021-04-29 17:46:01",1943,100
1387698070268354560,"Historische Entscheidung des BVerfG Klimaschutz schützt unsere Freiheit und die Freiheit unserer Kinder und Enkel Deshalb konkreter Auftrag für das Hier und Heute Klimaschutzgesetz jetzt überarbeiten Die nächsten Jahre sind entscheidend für konsequentes Handeln ","ABaerbock","2021-04-29 09:19:36",5160,524
1387693572573519872,"Was für furchtbare Ereignisse heute Nacht in PotsdamBabelsberg Mein tiefes Mitgefühl gilt den Angehörigen der Opfer den Bewohnerinnen Bewohnern und Mitarbeitenden im Oberlinhaus Ich bin in Gedanken bei ihnen","ABaerbock","2021-04-29 09:01:44",4422,143
1386591529557536768,"Der TschernobylJahrestag führt uns vor Augen wie riskant und gefährlich Atomkraft ist Umso wichtiger ist dass wir unsere Atomkraftwerke abschalten und ein Endlager für Atommüll finden Die Zukunft gehört den Erneuerbaren","ABaerbock","2021-04-26 08:02:36",12936,810
1386308909657427968,"Ich werbe für eine aktive Außenpolitik Die Lücke die durch die Passivität der Bundesregierung entstanden ist füllen nun Länder wie Russland und Türkei Es braucht gegenüber autoritären Kräften Dialog und Härte ","ABaerbock","2021-04-25 13:19:35",4080,296
1385562764006014976,"Wieder sind Menschen gestorben Wieder Trauer wieder ist von Unglück die Rede Mit einer flächendeckenden europäisch koordinierten Seenotrettung hätten wir sie retten können Danke an SOSMedGermany für Euren Einsatz ","ABaerbock","2021-04-23 11:54:40",4953,365
1385207421744947200,"Bidens Vorschlag ist ein ambitionierter KlimaschutzPlan Da sollte Europa die Hand reichen Ich werbe dafür dass wir eine transatlantische Allianz für Klimaneutralität begründen So kommen wir auf den GradPfad amp sichern unsere Wettbewerbsfähigkeit ","ABaerbock","2021-04-22 12:22:39",4119,325
1384458414668062720,"Ich gratuliere ArminLaschet zur Kanzlerkandidatur Ich setze auf einen fairen Wahlkampf um die Führung dieses Landes Und darum wer die nötigen Veränderungen energisch vorantreibt damit wir die Herausforderungen meistern Klimaschutz Digitalisierung Bildung Zusammenhalt","ABaerbock","2021-04-20 10:46:22",18292,598
1384073625926393856,"Ich freue mich dass Robert Habeck mich heute im Namen des Bundesvorstandes als Kanzlerkandidatin für diegruenen vorgeschlagen hat BTW B ","ABaerbock","2021-04-19 09:17:21",50281,3923
1383688746701262848,"Die CoronaPandemie hat furchtbares Leid verursacht Heute gedenke ich der vielen Menschen die dadurch ihr Leben verloren haben Und ich denke an die die trauernd zurückgeblieben sind Wir müssen alles tun um die Pandemie zu bekämpfen und die dritte Welle zu brechen ","ABaerbock","2021-04-18 07:47:59",2675,144
1383420039517282304,"Herzlichen Dank GrueneBBG dass ihr mich seit Jahren tragt Das ist großartig und gibt viel Kraft für die kommenden Monate Ich freue mich auf den gemeinsamen Wahlkampf mit euch allesistdrin dLdk ","ABaerbock","2021-04-17 14:00:14",6583,251
1382647448666013696,"Wir wollen wirksame Kindergrundrechte im Grundgesetz Der Vorschlag von UnionampSPD ist aber so schwach dass er hinter die UNKinderrechtskonvention und die Rechtsprechung des BVerfG zurückfällt So können wir nicht zustimmen Die BuReg muss nacharbeiten und Kinderrechte stärken ","ABaerbock","2021-04-15 10:50:14",2701,254
1381517308674375680,"Klimaneutralität ist eine Chance für unseren Industriestandort Spreche heute bei der HM mit Karl Haeusgen VDMAonline u Gunther Kegel ZVEIorg darüber wie wir es gemeinsam schaffen dass Made in Germany zukünftig nicht nur für Qualität sondern auch Nachhaltigkeit steht ","ABaerbock","2021-04-12 07:59:28",816,49
1379145555025264640,"Great news Congratulation UVjosaOsmaniPRKSU as president of Kosovo 
All the best for the future of your country from Germany ","ABaerbock","2021-04-05 18:54:58",366,25
1378653079348908032," Dortmund 
Mehmet Kubasik wird mit Jahren in seinem Kiosk durch Rechtsterroristen des NSU ermordet Drei Kindern wird ihr Vater genommen 

KeinVergessen heißt auch Rechtsextremismus gemeinsam die Stirn zu bieten Jeden Tag an jedem Ort ","ABaerbock","2021-04-04 10:18:02",1136,129
1378272151946530816,"Wir brauchen eine Politik die den Herausforderungen der Wirklichkeit gewachsen ist Unser Programmentwurf zur btw ist eine Einladung gemeinsam die Zukunft dieses Landes zu gestalten Welches Projekt ist Euch besonders wichtig allesistdrin ","ABaerbock","2021-04-03 09:04:22",1054,106
1375074872817242112,"Ich wünsche den Menschen in Belarus so sehr dass sie sicher und frei demonstrieren können und ihr mutiger Kampf für mehr Demokratie Menschenrechte und Rechtsstaatlichkeit Erfolg hat Der Druck auf das LukaschenkaRegime seitens der EU muss erhöht werden StandWithBelarus ","ABaerbock","2021-03-25 13:19:31",1001,94
1373581211189264384,"Rassismus ist eine menschenfeindliche Ideologie Eine Gefahr für Betroffene und unseren gesellschaftlichen Zusammenhalt Es braucht strukturelle Veränderungen und ein Demokratieförderungsgesetz um antirassistische Arbeit finanziell abzusichern InternationalerTagGegenRassismus","ABaerbock","2021-03-21 10:24:15",1776,202
1373318400445976576,"Das UFFUFF Regime ist dabei Gewalt gegen Frauen zu legalisieren Just nach Verbotsverfahren gegen d Opposition Das von Seiten der Bundesregierung mit einem lapidaren „falsches Signal“ abzutun ist das Gegenteil einer aktiven Außenpolitik 
 istanbulsoezlesmesi IstanbulKonvention ","ABaerbock","2021-03-20 16:59:56",822,105
1372846061694373888,"Klimaschutz Wirtschaft Bildung Soziales Verwaltung Europa – unser Land braucht eine Politik die den Herausforderungen der Wirklichkeit gewachsen ist Zur BTW machen wir konkrete Vorschläge damit ein gemeinsamer Aufbruch gelingt AllesIstDrin ","ABaerbock","2021-03-19 09:43:02",864,180
1371578908961820672,"Zehn Jahre Krieg in Syrien Jahre in denen Kinder alles alles verloren haben ihr Recht auf Schutz auf Bildung und vor allen Dingen ihr Recht auf Kindheit und eine Zukunft Deshalb unterstütze ich stcde Helft mit Bild teilen oder direkt spenden ","ABaerbock","2021-03-15 21:47:49",352,62
1371220104223031296,"Eigentlich die schönste Nachricht am heutigen Abend
Pforzheim Mannheim ltwbw ","ABaerbock","2021-03-14 22:02:03",4531,298
1371155466290610176,"Du hast mit gruenerlp einen fantastischen Wahlkampf gemacht liebe Anne Spiegel Herzlichen Glückwunsch zu diesem guten Ergebnis RheinlandPfalz hat damit eine noch stärkere Stimme für Familien und den Klimaschutz ltwrlp GRÜNmachtZukunft","ABaerbock","2021-03-14 17:45:12",474,35
1371155074089684992,"Ein starkes Ergebnis lieber Winfried Kretschmann und GrueneBW Herzlichen Glückwunsch zu diesem Wahlkampf und der erfolgreichen Regierungsarbeit Rückenwind für die BTWahl Jetzt freue ich mich auf fünf weitere Jahre konsequenten Klimaschutz ltwbw","ABaerbock","2021-03-14 17:43:39",1275,86
1370667398127308800,"„ Es gibt Kinder die hat es einfach hart getroffen und deren Lernrückstände sind sehr groß“
gt Welche Lernrückstände müssen nun aufgeholt werden
„Im Grunde genommen alles“

Wir brauchen einen Kinderrettungsfonds Jetzt 

 ","ABaerbock","2021-03-13 09:25:48",232,29
1369933719885189120," Jahre Fukushima Zeit innezuhalten und an die vielen Menschen zu denken die durch das Unglück zu Schaden gekommen sind oder ihr Leben verloren haben Es ist beruhigend dass Deutschland nächstes Jahr aus der Hochrisikotechnologie Atomkraft aussteigt ","ABaerbock","2021-03-11 08:50:25",706,99
1368870435572625408,"Danke BettinaJarasch Meine FemaleHero ist Carla Del Ponte die mit Entschiedenheit Kompetenz amp zugleich Empathie das internationale Strafrecht gerade auch bzgl Frauenrechten weiterentwickelt hat Ich nominiere mariawersig Luisamneubauer jagodamarinic Weltfrauentag","ABaerbock","2021-03-08 10:25:18",135,7
1368852121131565056,"geballterFeminismus Jetzt Sofort Immer Zeit für eine Regierung die Gleichberechtigung konsequent umsetzt Weltfrauentag ","ABaerbock","2021-03-08 09:12:32",477,58
1368821655645077504,"Die CoronaKrise hat gezeigt wie viel in puncto Gleichberechtigung noch zu tun ist Es braucht eine Politik die Strukturen verändert Schutz bietet amp Frauenrechte stärkt Zeit für eine Regierung die Gleichberechtigung konsequent umsetzt Weltfrauentag ","ABaerbock","2021-03-08 07:11:28",424,50
1368598296604930048,"Jesidinnen wie Salwa zeigen wie wahnsinnig stark Frauen sind Aber auch wie weit hart der weltweite Kampf für Frauenrechte noch ist 

Was die ISDaesh Männer Jesidinnen angetan haben ist die schlimmste Form von weltweiter Gewalt gegen Frauen 

Frauentag 
 ","ABaerbock","2021-03-07 16:23:55",164,36
1368261082830303232,"Wenn die Hälfte d Bevölkerung nicht gleichberechtigt beteiligt repräsentiert bezahlt wird ist die Demokratie nicht vollkommen Frauenrechte sind der Gradmesser für liberale Demokratien

Es braucht eine Politik die Strukturen verändert UFUFFC
Frauentag 
","ABaerbock","2021-03-06 18:03:57",1063,110
1367052674743558144,"Herzlichen Glückwunsch zu Jahre Frauenfußball in Potsdam und Jahre starke Frauen Ihr seid Vorbilder TurbinePotsdam einteameinwegeinziel ","ABaerbock","2021-03-03 10:02:10",113,8
1366656872699330560,"Danke für den starken Auftritt beim TVDuell lieber Winfried Kretschmann und viel mehr noch für die Tatkraft und Besonnenheit mit der du seit Jahren die erfolgreiche Regierungsarbeit der FraktionGruenBW prägst ltwbw 

 ","ABaerbock","2021-03-02 07:49:24",173,17
1365675047214579712,"„Wenn wir bis abends um sieben nicht wieder zu Hause sind fährst du zu Tante Annemarie“ 
Für all diejenigen die gerne mal „vergessen“ wie dankbar wir sein können in einem Rechtsstaat zu leben und was ein Leben in einer Diktatur bedeutet UFUFFC ","ABaerbock","2021-02-27 14:47:58",280,22
1365664591573843968,"Herzlichen Glückwünsch JanineWissler und SusanneHennig Viel Kraft im neuen Amt und ein gutes Händchen bei allem was ansteht Freuen uns auf eine faire politische Auseinandersetzung

PS Danke fürs gute Miteinander liebe katjakipping bei Kindern und beim Leben","ABaerbock","2021-02-27 14:06:26",1020,56
1364626118712700928,"Die Energiecharta ist ein Bremsklotz für die Energiewende Solange der Vertrag gilt müssen Staaten Angst vor Konzernklagen haben während Unternehmen die auf fossile Energien setzen mit Zukunftsvergessenheit Milliarden verdienen können ","ABaerbock","2021-02-24 17:19:54",357,60
1362707906861428736,"Wir müssen die Hintergründe rassistischer Taten lückenlos aufklären Aber vor allem müssen wir alles dafür tun solche Taten wie in Hanau zu verhindern SayTheirNames ","ABaerbock","2021-02-19 10:17:37",318,30
1361366841352978432,"Nachdem gestern keine Zeit für Schneebälle blieb jetzt aber 
Danke FidAReV für den neuen Literaturschneeball 
Er fliegt weiter an DuezenTekkal Mamaarbeitet katdro DFBFrauen janinakugel ","ABaerbock","2021-02-15 17:28:42",77,4
1361050854858633216,"Sturm amp Schneeregen aber man kann nicht einfach nach Hause ins Warme Denn das ist in KaraTepe Lesbos ein flattriges Zelt Und mittendrin Kinder Babys Alte Kranke Menschen Auch wenn es schon x gesagt wurde Die Geflüchteten müssen evakuiert werden Jetzt ","ABaerbock","2021-02-14 20:33:05",909,185
1360209863327047680,"Ich wünsche Gerlinde gute Besserung und ihr Winfried und der gesamten Familie viel Kraft","ABaerbock","2021-02-12 12:51:17",722,25
1360162266843348992,"Die Vorstellung dass weltweit ca Kinder kämpfen und schießen müssen statt spielen lernen und lachen zu können ist untragbar Kinder verdienen Liebe und Frieden statt Hass und Krieg Der Einsatz von Kinder als Soldaten muss gestoppt werden RedHandDay UNICEFgermany ","ABaerbock","2021-02-12 09:42:09",866,97
1358361936786821120,"Ich stehe an der Seite der unglaublich mutigen Menschen in Belarus Die Aufmerksamkeit für den Freiheitskampf darf nicht abbrechen Es braucht ein Ende der Gewalt und Konsequenzen für Lukaschenkos Verhalten StandWithBelarus","ABaerbock","2021-02-07 10:28:17",1305,119
1356658321114210304,"Das Urteil gegen Nawalny zeigt Das russische Regime ist meilenweit von Demokratie und Rechtsstaatlichkeit entfernt Anstatt den Giftanschlag aufzuklären wird das Opfer weggesperrt Dieses Urteil ist auch ein Appell an die BuReg außenpolitisch endlich Haltung zu zeigen ","ABaerbock","2021-02-02 17:38:43",1478,164
1355483890077589504,"Gut wenn endlich auch Teile d Union MarkusSoeder einsehen dass der Markt gerade in einer Pandemie nicht alles regelt So wie wir im letzten Frühjahr Pandemiewirtschaft für Masken Beatmungsgeräte vorgeschlagen haben ist heute Notimpfstoffwirtschaft das Gebot d Stunde ","ABaerbock","2021-01-30 11:51:57",840,91
1354745884953747456,"Der Mord an Walter Lübcke hat uns alle erschüttert Er wurde aus menschenfeindlichen rechtsextremen Motiven ermordet So klar das Urteil für den Mörder ist so klar muss die politische Aufarbeitung weiter gehen","ABaerbock","2021-01-28 10:59:23",591,56
1354487796879257600,"Mich lässt die heutige Gedenkstunde im Bundestag zum HolocaustGedenktag für die Opfer des Nationalsozialismus kaum los Diese unglaublich bewegenden Worte von ChaKnobloch – wie sie sagt „ich hatte meine Heimat verloren“ ","ABaerbock","2021-01-27 17:53:50",407,57
1354363340810833920,"Jedes Kind hat ein Recht auf Bildung auch in einer Pandemie Dafür braucht es jetzt einen Bildungsschutzschirm der sicherstellt dass kein Kind abgehängt wird 
","ABaerbock","2021-01-27 09:39:17",306,65
1353112526565814272,"Wie dankbar können wir angesichts d Bilder aus StPetersburg mit jeder Faser unseres Körpers sein in einer stabilen Demokratie zu leben 

Für mich ist nicht nur der Mut dieser Menschen trotz d autoritären Gewalt für Freiheit auf die Straße zu gehen so unbeschreiblich ","ABaerbock","2021-01-23 22:49:00",745,83
1352656769722548224,"Spannender Austausch heute mit vielen engagierten Bündnisgrünen aus unseren ostdeutschen Landes und Kreisverbänden Freue mich sehr auf den Wahlkampf mit euch btw ","ABaerbock","2021-01-22 16:37:59",142,11
1352169033148334080,"Was für ein anderes Aufstehen wenn im Radio nicht lauter neue TrumpGruselakte gemeldet werden sondern
Rückkehr zum Klimaabkommen 
zur WHO Bau der Mauer Rechtsgrundlage entzogen umstrittene Pipeline aus Kanada gestoppt
WirHabenEsInDerHand
PolitikMachtDenUnterschied ","ABaerbock","2021-01-21 08:19:54",2088,194
1351827045366566912,"Heute ist ein guter Tag für Demokratie und die Zukunft der transatlantischen Beziehungen Im globalen Systemwettbewerb stehen die USA nun wieder als starke Verteidiger freiheitlichdemokratischer Werte an der Seite Europas InaugurationDay","ABaerbock","2021-01-20 09:40:58",1311,93
1350396220796235776,"Glückwunsch an ArminLaschet zur erfolgreichen Wahl als Parteivorsitzender Es wird ein spannender politischer Wettbewerb um die Frage welche Kraft unser Land mutig entschlossen mit neuem Schwung aus der Krise führt cdupt","ABaerbock","2021-01-16 10:55:22",1388,90
1349645124406562816,"Made in Germany muss zukünftig nicht nur für Qualität und Innovation stehen sondern auch für Klimaverträglichkeit und Nachhaltigkeit Die ökologische Transformation ist die Grundlage dafür dass Deutschland auch in Zukunft ein innovativer Industriestandort bleibt ","ABaerbock","2021-01-14 09:10:47",1432,107
1349483336507543552," Das Unwahrscheinliche möglich machen 
HolsteinKiel FCBayern 
DFBPokal KSVFCB","ABaerbock","2021-01-13 22:27:54",1861,116
1349280953282256896,"Dass mit russischen Geldern eine Stiftung unter dem Deckmantel des Klimaschutz finanziert wird die der Fertigstellung von NordStream dient ist einfach ungeheuerlich Umwelt und außenpolit Maßstäbe sind hier komplett verrutscht Die PipelineStiftung muss gestoppt werden ","ABaerbock","2021-01-13 09:03:42",1076,208
1348745066769215488,"Nicht gut Statt aus der Corona Situation zu lernen in Zukunft das Kindeswohl „vorrangig zu berücksichtigen will die Groko nun MinimalKompromiss bei Kinderrechte n im Grundgesetz UNKinderrechtskonvention UFEAUFFAGrundrechteCharta müssten Maßstab sein

BuildBackBetter ","ABaerbock","2021-01-11 21:34:17",281,38
1347142392563048448,"Mehr als neue Corona Infektionen und noch immer müssen viele zur Arbeit ins Großraumbüro obwohl es anders ginge In dieser Phase der Pandemie sollten überall wo möglich Menschen im Homeoffice arbeiten dürfen Hier braucht es klare Ansagen der Bundesregierung ","ABaerbock","2021-01-07 11:25:49",2103,223
1346955030511800320,"Vier Jahre Trump u der heutige Angriff auf das Herz der amerikanischen Demokratie zeigen Rechtspopulisten an der Macht entzaubern sich nicht Sie nutzen die Macht um die Demokratie ihre Institutionen von innen auszuhöhlen um sie dann aktiv zu bekämpfen CapitolHill","ABaerbock","2021-01-06 23:01:19",2283,236
1346461525440155648,"Starker gemeinsamer Aufschlag von DGB Chef Reiner Hoffmann und Robert Habeck dazu dass wir jetzt nicht sparen sondern in Krisenbekämpfung den sozialökologische Umbau des Landes investieren müssen 

","ABaerbock","2021-01-05 14:20:18",101,16
1345342593702518784,"Politischer Rutsch ins neue Jahr 
Sonntag Uhr 

Hier UFUFFCanmelden und dabei sein ","ABaerbock","2021-01-02 12:14:04",102,10
1344822355407867904,"Auf ein heilsames neues Jahr UF
Auf dass wir Dinge von jetzt an wirklich besser machen Beim Klimaschutz dem Miteinander amp an UFEAUFFA Außengrenzen
Tausende nicht nur in Krankenhäusern zeigen Unser Land könnte so viel mehr wenn Politik den Rahmen richtig setzt BuildBackBetter","ABaerbock","2021-01-01 01:46:49",1458,92
1338768285849034752,"Die Industrie ist das Rückgrat unseres Wohlstands Sie bleibt es nur mit Zukunftsinvestitionen Nutzen wir die Chance des europ GreenDeal Die Märkte der Zukunft sind klimaneutral Spreche darüber gleich handelsblatt IndustrieGipfel neben peteraltmaier GrosseEntrupVCI uvm","ABaerbock","2020-12-15 08:50:07",194,20
1338741708624891904,"Ebenfalls herzlichen Glückwunsch liebe RenateKuenast UFA 
Mit diesem wunderschönen GeburtstagsHimmel kann unser nächstes Jahr ja nur gut werden UF ","ABaerbock","2020-12-15 07:04:30",378,6
1337026166885134336,"Am tagdermenschenrechte Hoffnung tragen für Kinder in Syrien Denn Kinder haben ein Recht auf Schutz amp Kindheit aber noch immer leiden Millionen unter den Folgen des furchtbaren Krieges Gemeinsam helfen mit stcde brigitteonline SchalfuersLeben ","ABaerbock","2020-12-10 13:27:33",78,7
1336919784252960768,"Unfassbares Leid unfassbar starke Frauen Danke HawarHelp DuezenTekkal dass ihr mit dem Film „JIYAN Die vergessenen Opfer des IS“ den Jesidinnen eine Stimme gebt ","ABaerbock","2020-12-10 06:24:49",102,9
1336677459060805632,"BuildBackBetter darf nicht nur Leitspruch von UN und BidenHarris sein–es muss auch zu unserem Leitmotiv werden Statt Status quo in einem Grey Deal zu zementieren brauchen wir auch inUFEUFEAeinen Green Deal einen Stufenplan u Perspektive über den Impfstoff hinaus Generaldebatte ","ABaerbock","2020-12-09 14:21:55",431,44
1335555270030798848,"Rundfunkbeitrag SachsenAnhalt Es gibt Punkte an denen man sich klar entscheiden muss Dass die Spitze der BundesCDU bei so einer zentralen Frage nicht mit Inbrunst hinter dem öffentlichrechtlichen Rundfunk und dem Beschluss aller MPs steht erschreckt mich sehr ","ABaerbock","2020-12-06 12:02:44",494,63
1334522594826055680,"Glückwunsch und Hochachtung vor Nasrin Sotoudeh Bryan Stevenson AlesBialiatski amp Lottie Cunningham Wren zum Alternativen Nobelpreis Was für ein Mut unter Einsatz des eigenen Wohlergehens und Lebens für Menschenrechte und Freiheit einzustehen alternativernobelpreis","ABaerbock","2020-12-03 15:39:15",129,15
1331537876010602496,"Täglich erleben Frauen und Mädchen Gewalt oft da wo sie sicher sein sollten zu Hause Wir brauchen einen gesetzlich garantierten Rechtsanspruch auf Schutz für Frauen und Mädchen weltweit Hier unser Appell Frauen schützen TagGegenGewaltAnFrauen ","ABaerbock","2020-11-25 09:59:03",336,43
1330551990749966336,"Stolz wie Bolle auf unser neues Grundsatzprogramm Leidenschaftliche Debatten mit Herz amp Verstand so haben wir unser Wertefundament für das nächste Jahrzehnt geschaffen Was für eine Arbeit von so vielen Danke dass wir gemeinsam diesen Parteitag digital gewagt haben dbdk ","ABaerbock","2020-11-22 16:41:29",1036,79
1330095832700477440,"dbdk Bei allen leidenschaftlichen Debatten eint uns d unbedingte Wille das Ziel die Klimakatastrophe so weit wie möglich zu verhindern Heißt ParisAbkommen umsetzen Freue mich dass wir das jetzt in dieser gemeinsam geeinten Textpassage deutlich machen
grad 
","ABaerbock","2020-11-21 10:28:53",1187,142
1329903958014496768,"Wir müssen endlich das Wohlergehen der Menschen in den Mittelpunkt unseres Wirtschaftssystems stellen statt der Gewinnmaximierung Einzelner Es ist Zeit unsere Marktwirtschaft in eine sozialökologische Marktwirtschaft umzubauen dbdk ","ABaerbock","2020-11-20 21:46:26",1771,169
1329744981079285760,"Beeindruckende Frau beeindruckendes Buch und Mahnung an uns alle den kleinen Alan Kurdi und unsere Verantwortung nicht zu vergessen „Erinnern Sie sich wie Sie sich gefühlt und wie Sie gehandelt haben als Sie das Foto von meinem Neffen gesehen haben Tun Sie es wieder“ ","ABaerbock","2020-11-20 11:14:43",50,1
1327272873606656000,"„Schulen müssen offen bleiben“ reicht nicht – es müssen auch die Voraussetzungen dafür geschaffen werden dass alle Kinder lernen können Nötig ist deswegen eine strukturelle u finanzielle Unterstützung der Schulenamp Kinder gerade auch bei Quarantäne UFUFFC

","ABaerbock","2020-11-13 15:31:27",273,34
1326508968236212224,"Unglaubliche Strafrechtsverschärfungen in Belarus um friedliche Demonstranten zu inhaftieren und im wahrsten Sinne des Wortes mundtot zu machen Die EU muss auf allen Ebenen aktiv werden gerade auch ggü dem Kreml d diese massiven Menschenrechtsverletzungen stützt ","ABaerbock","2020-11-11 12:55:58",187,37
1325933608226447360,"Wir holen alle unsere Wintermäntel raus und auf Lesbos finden Kinder zitternd vor Kälte nicht in den Schlaf Es ist einfach so eine komplette Schande dass d Menschen aus diesem katastrophalen Lager noch immer nicht evakuiert und auf verschiedene EUStaaten verteilt wurden ","ABaerbock","2020-11-09 22:49:41",1543,313
1325741875949678592,"Herzlichen Glückwunsch Alex Meier neuer Oberbürgermeister in Göppingen Und damit jüngster Grüner Oberbürgermeister in Deutschland 
allworldisgreen","ABaerbock","2020-11-09 10:07:48",579,19
1325216276873154560,"Unfassbar Nach Chemnitz und Heidenau nun Leipzig Die Polizei und damit das staatliche Gewaltmonopol weicht zurück und lässt PandemieLeugner darunter zahlreiche Neonazis gewähren Das muss auf allen Ebenen aufgeklärt werden Auch d Bundesinnenminister ist gefragt le ","ABaerbock","2020-11-07 23:19:16",6231,770
1325123796655730688,"Was für eine befreiende Nachricht Election Electionresults 

","ABaerbock","2020-11-07 17:11:47",1657,47
1325013811485609984,"Die Klimakrise bewältigen wir nur gemeinsam 
Großartig dass sportsforfuture nun auch den DFB mit an Bord hat Begrünte Stadien sehen auch viel schöner aus UF ","ABaerbock","2020-11-07 09:54:44",121,7
1324735459042406400,"Endlich 
Belarus belarusfreedom ","ABaerbock","2020-11-06 15:28:40",399,21
1324075695656607744,"Was für ein Tag Auch wenn die Nerven strapaziert sind Die Wahl ist erst beendet wenn alle Stimmen ausgezählt sind Wir brauchen Geduld und eine gemeinsame 
Stimme in der EU Voreilige Gratulationen verhöhnen die Rechte der Wählerinnen Elections ElectionDay","ABaerbock","2020-11-04 19:47:00",510,20
1324024563307585536,"Nov Tausende Potsdamerinnen forderten freie WahlenLetztlich zwang die Friedliche Revolution d Diktatur in die Knie Ab heute wird vor Ort eindrucksvoll daran erinnert Macht demütig was viele friedliche Menschen amp freie Wahlen erreichen können belarus ElectionDay ","ABaerbock","2020-11-04 16:23:49",137,14
1323976053589741568,"Extrem wichtige Initiative aus dem Bundestag zur aktiven Unterstützung der mutigen Menschen in Belarus die sich seit Wochen trotz massiver Gewalt durch das Regime friedlich für Demokratie Menschenrechte freie Wahlen einsetzen 
Danke ManuelSarrazin JoWadephul NielsAnnen ","ABaerbock","2020-11-04 13:11:04",72,9
1323952965904932864,"Hope
Es bleibt so spannend 
Biden überholt Trump in Wisconsin holt in Michigan auf Auszählung in Großstädten wie Detroit verzögert PA stockt weiter bei Auszählung Vorsprung Trump wobei auch dort ua Philadelphia Pittsburg nicht ausgezählt sind ElectionDay ","ABaerbock","2020-11-04 11:39:19",175,8
1323932616714678272,"Jede Stimme muss gezählt werden auch wenn es dauert Das ist Grundlage von Demokratie Es ist nicht an Trump sich zum Sieger zu erklären Die demokratischen Institutionen müssen nun beweisen dass sie stärker sind als Trumps Willkür
USA ElectionNight ","ABaerbock","2020-11-04 10:18:27",691,41
1323869475905642496,"Start in d Tag d Ungewissheit Wünsche mir für die UFFAUFFGesellschaft die so tief zerrissen ist Weg zur Heilung der Wunden Fürs transatl Verhältnis eine gute Zukunft Chance dafür ist noch offen Aber Demokratie braucht Geduld es ist die Std d Institutionen USA ElectionNight","ABaerbock","2020-11-04 06:07:34",283,14
1323533454877839360,"Der islamistische Terror zielt auf unsere liberale Demokratie und unsere vielfältige Gesellschaft Wir müssen gegen diese Gewalt und Menschenfeindlichkeit gemeinsam europäisch vorgehen entschlossen und geschlossen 
Paris Dresden Nizza Wien","ABaerbock","2020-11-03 07:52:20",596,54
1323519975672418304,"Was für eine furchtbare Nacht in Wien Ich denke voller Mitgefühl an die Toten die Verletzten und ihre Angehörigen","ABaerbock","2020-11-03 06:58:46",851,36
1323230356590546944,"Syrische Kinder sind den Folgen von Krieg und Flucht ungeschützt ausgesetzt Doch sie haben ein Recht auf Schutz ein Recht auf Kindheit und Zukunft Deswegen unterstütze ich die Aktion SchalfuersLeben von stcde amp brigitteonline hoffnungtragen
","ABaerbock","2020-11-02 11:47:56",63,5
1322882863298170880,"Es schmerzt mich immer wieder so aufs Neue dass unser eigentlich so kraftvolles Europa beim gemeinsames Schutz von Geflüchteten an so vielen Stellen versagt
 ","ABaerbock","2020-11-01 12:47:07",280,25
1322501807449481216," DFB hebt FrauenFußballVerbot auf Ex Nationalspielerinnen erinnern daran wie viel Fußballerinnen auch danach aushalten mussten Kaffeeservice „Aber wie Frauen nun mal sind lassen sie sich auch nicht von ihrem Weg abbringen“

strukturelleDiskriminierung ","ABaerbock","2020-10-31 11:32:56",92,9
1322192495917342720,"Sexueller Kindesmissbrauch geschieht täglich Deswegen ist der eingebrachte Gesetzentwurf zur Bekämpfung sexualisierter Gewalt gegen Kinder essentiell aber er kann nur der Anfang sein Wir müssen Kinder noch besser schützen das sind wir ihnen schuldig ","ABaerbock","2020-10-30 15:03:50",300,25
1322065790636593152,"Wir erreichen die Klimaziele nur wenn wir die Erneuerbaren massiv ausbauen Die EEGNovelle der GroKo ist aber nicht mehr als ein Reförmchen Wir brauchen mehr Solar Wind und Bürgerenergie Wir brauchen ein starkes Sprungbrett für die Energiewende
","ABaerbock","2020-10-30 06:40:21",654,79
1321775155325132800,"Entsetzliche Nachrichten aus Nizza Die Tat die Brutalität der Hass sind schockierend Ich bin in Gedanken bei unseren französischen Freundinnen und Freunden Wir müssen gemeinsam unsere offene Gesellschaft gegen ihre Feinde verteidigen ","ABaerbock","2020-10-29 11:25:29",697,102
1321212513984434176,"„How many more times America How many more times do we have to tell our children that this isnt right“

BlackLivesMatter ","ABaerbock","2020-10-27 22:09:44",170,10
1320616613511630848,"Ruhe in Frieden lieber Thomas Oppermann UFA
Wie unglaublich traurig Deine humorvolle unprätentiöse einfach feine Art wird uns sehr fehlen 
In tiefem Mitgefühl mit Angehörigen Freunden und der SPD ","ABaerbock","2020-10-26 06:41:51",1741,85
1319252392186183680,"Gute Entscheidung des EUParlaments Der Mut der belarussischen Opposition ihr entschlossenes Eintreten für Rechtsstaatlichkeit Demokratie amp Freiheit verdient unseren Respekt Wir müssen alles tun um die Demokratiebewegung in Belarus zu unterstützen Sacharow ","ABaerbock","2020-10-22 12:20:55",121,9
1313516976594210816,"Mich beeindruckt der Mut von Swetlana Tichanowskaja und der Zivilgesellschaft in Belarus Die Menschen dort brauchen unsere volle Solidarität Lukaschenka ist verantwortlich für Folter und Verschleppung Er muss jetzt umgehend auf die EUSanktionsliste gesetzt werden ","ABaerbock","2020-10-06 16:30:25",590,78
1313098954578554880,"BettinaJarasch ist genau die Richtige für Berlin Eine echte Brückenbauerin Ein Berlin das von Grün aus erster Reihe regiert wird mit neuer Kraft und frischem Blick wird einen Aufbruch bedeuten BettinaFuerBerlin GruenesRathaus grueneberlin ","ABaerbock","2020-10-05 12:49:21",255,30
1310947870003036160,"Wir würden die Dt Einheit nicht feiern können wenn damals nicht mutige Menschen für Demokratie Freiheit und Menschenrechte auf die Straße gegangen wären Wie auch hier in Potsdam Für die liberale Demokratie einzutreten ist Verpflichtung auch für die Zukunft JahreEinheit ","ABaerbock","2020-09-29 14:21:43",199,14
1310283386217472000,"Was für grandiose Ergebnisse aus NRW UFAGlückwunsch an unsere neuen Grünen OberbürgermeisterInnen und BürgermeisterInnen in Bonn Aachen Wuppertal Emsdetten Havixbeck Monschau Lohmar Rösrath Nettetal Altenberge Rheinberg Kempen 
Stichwahl VeränderungSchafftHalt","ABaerbock","2020-09-27 18:21:17",1499,137
1310255734593126400,"Mein Gott ist das spannend UFF 
NRWKommunalwahl Stichwahl Stand h","ABaerbock","2020-09-27 16:31:25",225,5
1310183594313355264,"Wolfgang Clement war ein geradliniger und streitbarer Politiker mit dem Willen zu gestalten Mein herzliches Beileid an seine Familie Ich wünsche ihr viel Kraft","ABaerbock","2020-09-27 11:44:45",169,8
1310166455279849472,"Vielen Dank für euer Vertrauen grueneKVpotsdam KV PM amp KV TF Es ist mir eine Ehre den Wahlkreis als Direktkandidatin bei der btw zu vertreten Ich freue mich auf den gemeinsamen Wahlkampf mit euch
allesistmöglich Potsdam btw","ABaerbock","2020-09-27 10:36:39",410,19
1309420756619743232,"Es ist höchste Zeit dass Bundesregierung beim Klimaschutz endlich in den MacherModus kommt Klimaschutz verlangt machen nicht ankündigen Ausbau der Erneuerbaren muss mit voller Kraft vorangetrieben werden KeinGradWeiter ","ABaerbock","2020-09-25 09:13:30",443,47
1308501379166732288,"Für Bonn katjadoerner ","ABaerbock","2020-09-22 20:20:14",61,4
1307594756252487680,"Jedes Kind lebt in Deutschland in Armut Dabei sollten alle Kinder mit fairen Chancen ins Leben starten Statt Schmalspurlösungen braucht es endlich eine Kindergrundsicherung die Kinder aus der Armut holt und Zukunftschancen gibt esreichtfürunsalle Weltkindertag","ABaerbock","2020-09-20 08:17:38",858,128
1306978095497392128,"NordStream spaltet Europa Die Pipeline untergräbt unsere strategische außenpolitische Souveränität und konterkariert unsere EU Energie und Klimaziele ","ABaerbock","2020-09-18 15:27:15",338,68
1306510197427499008,"Durch Corona sind weltweit Mio Kinder zusätzlich in Armut geraten Es braucht jetzt Solidarität vor allem mit den Kleinsten Passend dazu am Samstag die DemoKinderarmut in Berlin kommt alle
","ABaerbock","2020-09-17 08:27:59",192,43
1305787621776465920,"Aktives jüdisches Leben in Deutschland und Europa zu unterstützen ist auch Teil unserer Verantwortung nach dem schrecklichen Verbrechen der Shoa Danke ZentralratJuden für die Arbeit in den letzten Jahren Gemeinsam gegen Antisemitismus Zentralrat","ABaerbock","2020-09-15 08:36:44",282,31
1305195457824673792,"Glückwunsch gruenenrw zum historisch besten Ergebnis bei einer Kommunalwahl UFF Und stärkste Kraft bei den Jungwählerinnen Das ist ein großer Vertrauenszuspruch den es jetzt einzulösen gilt KW KWNRW KommunalwahlNRW ","ABaerbock","2020-09-13 17:23:41",1075,81
1304692991370629120,"„Das linke Auge ihres Sohnes ist vereitert Er habe nachts Schüttelfrost u reagiere nur langsam auf die Worte seiner Mutter“Er hat einfach aufgehört zu sprechen vor ein paar Wochen sagt sie jetzt ist es umso schwieriger zu verstehen was in ihm vorgeht moriaevakuieren ","ABaerbock","2020-09-12 08:07:03",328,69
1303453140558249984,"Furchtbare Nachrichten aus Moria Im abgeriegelten Lager brennt es Menschen brauchen Schutz Wir haben Platz 
 dreizehntausend LeaveNoOneBehind ","ABaerbock","2020-09-08 22:00:20",3269,484
1300677299050893312,"UFEUFFs Außenminister WangYi ist in UFEUFEA Die BuReg muss nun Tacheles reden das Sicherheitsgesetz in Hongkong Chinas Druck auf Taiwan amp die Unterdrückung der Uiguren müssen auf den Tisch
Ohne Menschenrechte und Rechtssicherheit kann es kein UFEAUFFAUFEUFFInvestitionsabkommen geben","ABaerbock","2020-09-01 06:10:08",1024,643
1299847406763339776,"Wenn vor dem Reichstag Fahnen des deutschen Reichs wehen dann ist das kein Ausdruck von Meinungsfreiheit 
sondern ein Angriff auf unsere Demokratie Und die muss wehrhaft sein 
niewieder b","ABaerbock","2020-08-29 23:12:26",11382,1146
1298619016295088128,"Es ist unwürdig dass die GroKo seit bei der Wahlrechtsreform nichts hinbekommen hat und auf den letzten Metern eine Scheinlösung vorlegt Es schadet demokratischer Politik wenn cducsubt für eigene Vorteile kämpfen anstatt im Gesamtinteresse des Landes zu handeln","ABaerbock","2020-08-26 13:51:15",777,88
1298588910482751488,"Aus Gründen Kretschmann Kretschmer Politik heißt für mich machen statt nur zu träumen Und von schwarzgrün träum ich schon mal gar nicht Wir haben klare politische Ziele und einen Führungsanspruch Niemand hat ein Abo aufs Kanzleramt Demokratie lebt von Alternativen","ABaerbock","2020-08-26 11:51:37",2474,276
1297814529657667584,"Auch das sind schleichende Auswirkungen der Klimakrise es gibt immer weniger Störche und andere Zugvögel in unserer Region
„Die Trockenheit im April und Mai habe dafür gesorgt dass es nicht genug Regenwürmer gab um die Jungtiere zu füttern Viele seien deshalb verendet“ ","ABaerbock","2020-08-24 08:34:30",308,57
1297418842193506304,"Eine wirkliche Finanzwende einleiten statt den Tricks und Betrügereien des Finanzmarktes hinterherzulaufen SchickGerhard zeigt in seinem neuen Buch „Die Bank gewinnt immer“ wie das gehen kann Bin noch nicht durch aber absolute Leseempfehlung ","ABaerbock","2020-08-23 06:22:11",311,58
1296011166020448256,"Der Kampf gegen Rassismus und Rechtsextremismus darf niemals aufhören Wir lassen uns nicht spalten 

Fatih Saraçoglu 
Ferhat Unvar 
Gökhan Gültekin 
Hamza Kurtovic 
Kaloyan Velkov 
Mercedes Kierpacz 
Sedat Gürbüz 
Said Nesar Hashemi 
Vili Viorel Paun 
saytheirnames","ABaerbock","2020-08-19 09:08:35",1405,191
1294973933444386816,"“Zwölfjährige die nicht mehr Guten Tag schreiben können Zweitklässler die das gesamte Alphabet vergessen haben“

 Es ist wirklich dramatisch dass ein Großteil der politischen EntscheidungsträgerInnen überhaupt nicht auf dem Schirm hat ","ABaerbock","2020-08-16 12:26:59",667,120
1292460479428911104,"Besorgniserregende Meldungen aus Belarus am Tag d Präsidentschaftswahlen Kidnapping auf offener Straße zahlreiche ArmeeFahrzeuge massive Internetprobleme Säcke die aus Wahllokalen getragen werden 
Furchtbar für d Menschen vor Ort u Mahnung was eine Diktatur bedeutet ","ABaerbock","2020-08-09 13:59:25",581,148
1291874548405751808,"„ jetzt sind mal die Kinder dran Vorfahrt für Schulen Kitas und Familien“
Sehr treffender Kommentar ","ABaerbock","2020-08-07 23:11:08",1171,145
1291788858716311552,"Danke dir UUBarbaraDomkeU so sehr für deinen unverwüstlichen Einsatz für ein weltoffenes Cottbus „Ich bin hier geboren und aufgewachsen ich liebe diese Stadt“ 
Wirklich starkes Interview einer absolut taffen Frau ","ABaerbock","2020-08-07 17:30:38",294,30
1291382685424930816,"Corona zeigt dass Gesundheitswesen zur kritischen Infrastruktur gezählt werden muss Dazu gehört auch die Produktion medizinischer Güter Bei SiemensHealthBesuch wurde deutlich dass Medizintechnik für Deu amp EU Schlüsselindustrie sein kann Braucht mehr Forschung amp Kooperation ","ABaerbock","2020-08-06 14:36:39",202,14
1291337601685782528," Jahre danach haben Atomwaffen ihren Schrecken nicht verloren Das unermessliche Leid von Hiroshima und Nagasaki muss uns Mahnung und Auftrag sein BuReg muss sich mit Verve für Gespräche mit Atommächten einsetzen Wir brauchen endlich substanzielle Abrüstungsinitativen","ABaerbock","2020-08-06 11:37:30",402,36
1290937025365979136,"Die schrecklichen Bilder aus dem Libanon erschüttern mich zutiefst Meine Gedanken sind bei den Opfern und ihren Angehörigen Das Land braucht jetzt schnelle und unbürokratische Unterstützung","ABaerbock","2020-08-05 09:05:45",742,43
1290712208440209408,"Zu achten und zu schützen Los ging’s mit meinem Teil unserer Sommertour heute in Brandenburg Vorsorge ist nicht nur im Bereich von Stromnetzen und Digitalisierung wichtig sondern auch mit Blick auf die Trockenheit in unseren Wäldern und den Wassermangel in den Seen ","ABaerbock","2020-08-04 18:12:25",258,31
1281895848079695872,"Erinnerung an Srebrenica kaum zu ertragen Ein Völkermord mitten in Europa jahrelange Verbrechen gegen die Menschlichkeit „ethnische Säuberung“ Vergewaltigung als Kriegswaffe SrebrenicaYearsOn Mahnung für uns alle ","ABaerbock","2020-07-11 10:19:21",391,79
1280898796784955392,"Gemeinsam gegen Kinderarmut die sich gerade auch zum Schulbeginn zeigt Daher gab es heute neue Ranzen für die Potsdamer Erstklässlerinnen Danke an das Büro Kinderarmut der AWOPotsdam und Danke an McNeill ","ABaerbock","2020-07-08 16:17:25",190,13
1280854302366543872,"Das Konzept Kindergrundsicherung des dgbnews erhöht gesellschaftlichen Druck Jetzt gemeinsam Kinder aus der Armut holen und mit einer Kindergrundsicherung dafür sorgen dass Kinder das bekommen was sie zum Leben brauchen Unser Konzept UFUFFC","ABaerbock","2020-07-08 13:20:37",169,48
1280786799556726784,"Die erneute Blockade von humanitärer Hilfe für Hunderttausende notleidende Kinder Frauen und Männer im Nordwesten Syriens durch Russland und China im VN Sicherheitsrat bricht mit allem wofür die Vereinten Nationen stehen ","ABaerbock","2020-07-08 08:52:23",207,41
1278216326226550784,"Deutschland hat große Verantwortung mit EUDE Jetzt gilts Coronakrise Wirtschaftskrise und Klimakrise gleichermaßen zu bekämpfen Deshalb recoveryfund zügig beschließen und klimafreundlich investieren Wer ein Haus baut braucht ein stabiles zukunftsfähiges Fundament","ABaerbock","2020-07-01 06:38:14",252,32
1277351546423042048,"Und auch gute News aus Polen Fingers crossed für den weltoffenen trzaskowski bei der Stichwahl am Juli 
Trzaskowski Poland ","ABaerbock","2020-06-28 21:21:55",115,16
1277339866225926144,"Félicitations EELV UFB
Mega Glückwunsch an unsere Grünen FreundInnen in Frankreich wo sich eine Sensation bei der zweiten Runde der Kommunalwahlen abzeichnet
Lyon Straßburg Bordeaux Tours Grenoble auch die zweitgrößte UFEBUFF Stadt Marseille werden Grün UFA
GreenWave ","ABaerbock","2020-06-28 20:35:30",700,79
1277260179822837760,"„The world is messy There are ambiguities You don‘t change the world by calling out people“ 
So true and so important these days
BarackObama ","ABaerbock","2020-06-28 15:18:51",136,34
1276780487692992512,"Good news for the European GreenDeal and 
congratulations greenpartyie in Ireland being fifth government in the European Union with Greens in coalition 
europeangreens GrueneAustria vihreat ","ABaerbock","2020-06-27 07:32:44",123,8
1276484069984030720,"Damit unsere Gesellschaft krisenfest wird braucht es eine andere Politik Mit unserem Grundsatzprogramm legen wir dafür das Wertefundament Mehr Vorsorge Mehr Zusammenhalt Mehr Mut AchtenUndSchützen VeränderungschafftHalt Grundsatz Mehr hier ","ABaerbock","2020-06-26 11:54:52",245,35
1276216412177129472,"Unglaublich was das Krankenhauspersonal in den letzten Monaten geleistet hat und noch leistet 
Im Gespräch mit Ärztinnen und Pflegerinnen im StJosefsPotsdam heute war klar Wir müssen von der Profitlogik im Gesundheitssystem abkehren und Vorsorge als Grundpfeiler verankern ","ABaerbock","2020-06-25 18:11:18",488,64
1275888030612586496,"Corona zeigt wie weit wir von echter Gleichberechtigung entfernt sind „Diese Erkenntnis ist schmerzhaft doch sie bietet uns auch die Möglichkeit mit unverstellten Blick auf die Gesellschaft zu schauen gemeinsam zu überlegen was wir ändern wollen“ 
Merci RicardaLang ","ABaerbock","2020-06-24 20:26:26",151,23
1274665782383910912,"Was für erschütternde Bilder aus Stuttgart Den verletzten PolizistInnen Einsatzkräften alles Gute
Gewalt macht unsere Gesellschaft kaputt Egal woher sie kommt dagegen muss der Rechtsstaat mit aller Konsequenz vorgehen","ABaerbock","2020-06-21 11:29:39",3623,311
1273666464067866624,"Danke für deine Kraft UFA
 DrPierrette 
BlackLivesMattters ","ABaerbock","2020-06-18 17:18:43",228,25
1272888925242175488,"CoronaWarnApp ist installiert Check Jetzt ist wichtig dass viele Menschen mitmachen So können Infektionsketten besser verfolgt werden Und es braucht ein gesetzliches Fundament das Vertrauen und Rechtssicherheit herstellt GemeinsamGegenCorona ","ABaerbock","2020-06-16 13:49:03",381,40
1272172758538092544,"Rassismus ist kein Problem der USA sondern ein weltweites Auch bei uns werden Menschen aufgrund rassistischer Zuschreibungen diskriminiert u benachteiligt Dagegen laut die Stimme zu erheben ist ein immer fortwährender Prozess Solidarität ein wichtiger Teil davonunteilbar","ABaerbock","2020-06-14 14:23:16",1223,162
1271858501422387200,"Corona zeigt nach wie vor wie kostbar das scheinbar Selbstverständliche ist und wie sehr wir es hegen amp pflegen sollten

Menschen feiern im Herzen Europas auf der Oderbrücke SlubiceFrankfurtOder dass die Grenze wieder offen ist 

Europa schau wie schön du bist ","ABaerbock","2020-06-13 17:34:31",346,37
1271815834005131264,"Modellversuch in Nechlin Windräder in der Uckermark heizen mit „überschüssigem“ Strom ein ganzes Dorf und sorgen für Akzeptanz Solche WindWärmeSpeicher dürfen nicht die Ausnahme bleiben ErneuerbareEnergie ","ABaerbock","2020-06-13 14:44:58",487,82
1271408424308400128,"What a Girl 
Obligation for all of us
NeverAgain 
FightRacism ","ABaerbock","2020-06-12 11:46:04",203,19
1271082475792580608,"Firmen die in der Coronakrise ihre Produktion umstellen – zB Thorka GmbH von Schulranzen auf Masken – und für uns ins Risiko gehen brauchen Unterstützung Wenn wir in D und Europa eine Pandemiewirtschaft aufbauen wollen müssen wir diesen auch Planungssicherheit bieten ","ABaerbock","2020-06-11 14:10:52",180,23
1270417582684856320,"Eynas war Neun junge Kinderjahre als der Horror begann Was für eine Kraft diese fünf Jahre der Gefangenschaft amp sexuellen Folter überlebt zu haben 
Dieser Völkermord diese Qual sind nicht vorbei bevor nicht das letzte jesidische Mädchen die letzte Frau in Sicherheit sind ","ABaerbock","2020-06-09 18:08:49",279,28
1270358344700657664,"Da es hier so heftig diskutiert wird Ja das Berliner LandesAntidiskriminierungsgesetz LADG ist ein Novum Aber es schließt eine entscheidende Schutzlücke ","ABaerbock","2020-06-09 14:13:26",384,55
1269188086929465344,"Organspende kann Leben retten Verzweifelt warten Menschen auf eine SpenderNiere oder ein Herz für ihre Tochter für sich selbst oder ihren Vater Umso wichtiger ist es dass mehr und mehr Menschen sich für die Organspende entscheiden TagderOrganspende 
","ABaerbock","2020-06-06 08:43:14",139,22
1268889572622155776,"Ja Klima und Umwelt müssen nach oben auf die Agenda konkret jetzt und nicht erst in ferner Zukunft Deshalb gilt aus x Prüfaufträgen im Konjunkturpaket Wirklichkeit machen und den Schalter klar umlegen hin zu einer ökologischen Modernisierung Weltumwelttag ","ABaerbock","2020-06-05 12:57:03",257,34
1268462555653124096,"Das Konjunkturpaket ist besser als befürchtet auch Dank des Drucks aus der Klimabewegung Gut dass die GroKo von der fatalen Abwrackprämie Abstand genommen hat Jetzt ist entscheidend aus Prüfaufträgen das Richtige zu machen Ankündigungen reduzieren noch kein CO","ABaerbock","2020-06-04 08:40:14",1004,90
1267487802058584064,"Abwrackprämie ist wirtschaftlich und ökologisch falsch Autobranche ist Schlüsselindustrie und bleibt nur wettbewerbsfähig wenn Investitionen nachhaltig sind Lieber Umbau von Fabriken fördern statt Strukturkrise der Autobauer zu verlängern Klimaschutz","ABaerbock","2020-06-01 16:06:55",1672,229
1267359623184617472,"Kinder brauchen unsere Aufmerksamkeit Mit Volldampf müssen wir jetzt die Voraussetzungen schaffen damit alle Kinder täglich in Schule amp Kita können Und nötig ist mehr Geld für Bildung für mehr Personal bessere Schulen Das sind wir unseren Kindern schuldig Kindertag","ABaerbock","2020-06-01 07:37:35",532,59
1266643437190819840,"Was für ein Irrsinn dass Datteln ans Netz geht Wer Klimaschutz ernst nimmt schaltet kein neues Kraftwerk an Leidtragende sind Klima und Bahn die den Strom zu überteuerten Preisen kaufen muss","ABaerbock","2020-05-30 08:11:43",3807,472
1265953780195041280,"Politik braucht den Rat der Wissenschaft Sie leistet unserer Gesellschaft einen unverzichtbaren Dienst Forschende um die uns die Welt beneidet dürfen nicht zum Sündenbock für politische Entscheidungen werden Sie verdienen unsere Solidarität ausgruenden","ABaerbock","2020-05-28 10:31:16",1406,136
1265896678151897088,"Was für eine Freude endlich wieder in die Schule zu dürfen 

KitasSchulenÖffnen
Kinderrechte 
CoronaEltern ","ABaerbock","2020-05-28 06:44:21",350,6
1265672978962026496,"rassismustötet 
BlackLivesMatter JusticeForGeorgeFloyd ","ABaerbock","2020-05-27 15:55:27",322,49
1264509817479204864,"Das Sicherheitsgesetz wäre das Ende des freien Hongkong Der völkerrechtlich garantierte Grundsatz Land Systeme darf für die EU nicht verhandelbar sein Bis das Gesetz zurückgenommen wird muss der geplante EUChinaGipfel auf Eis gelegt werden StandWithHongKong ","ABaerbock","2020-05-24 10:53:28",541,119
1263154781838860288,"Die Bundesregierung hat leider weiterhin nicht verstanden dass Homeoffice keine kindu elterngerechte „Betreuungsmöglichkeit“ ist Leidtragende sind Kinder die sich als Belastung empfinden CoronaEltern am Rande des Nervenzusammenbruchs vor allem Frauen d Arbeit reduzieren ","ABaerbock","2020-05-20 17:09:02",636,118
1262481226021175296,"Europa kann sich nur gemeinsam erholen Sehr gut dass endlich auch die Kanzlerin bereit ist für gemeinsame europäische Anleihen und einen Grünen Wiederaufbau der Wirtschaft 
Der EUHaushalt muss nun zügig aufs Gleis 

Merkel
macron 
GreenDeal ","ABaerbock","2020-05-18 20:32:34",351,38
1261203382238416896,"Studie Bildungspolitik „Fernunterricht in der Coronakrise erreicht etliche Schüler nicht“
Das unterstreicht dass die absolute Priorität sein muss die Voraussetzungen zu schaffen dass alle Kinder schnellstens wieder in die Schule können ","ABaerbock","2020-05-15 07:54:53",111,9
1260979949760131072,"Auch in der Coronakrise müssen wir die Rechte von Kindern schützen Der zerbrechlichste Bereich kann nicht der Bereich sein der als letztes wieder zu einer neuen Normalität zurückkehrt Bundestag Kinderrechte coronachallenge ","ABaerbock","2020-05-14 17:07:02",315,56
1260897664180326400,"Erschütternd und bitterer Alltag Sexualisierte Gewalt trifft Frauen jeden Tag Gut dass jokoundklaas SophiePassmann TDFev und viele andere mit diesen Minuten voller Wucht darauf aufmerksam machen Wir dürfen uns nie damit abfinden Männerwelten 
","ABaerbock","2020-05-14 11:40:04",318,45
1259230063356268544,"Danke vonderleyen und svengiegold 

EURecht und Urteile des EuGH sind bindend für nationales Recht und nationale Gerichte 
Schließlich ist die EU eine Rechtsgemeinschaft Wenn man daran sägt dann sägt man am Fundament der Europäischen Gemeinschaft ","ABaerbock","2020-05-09 21:13:37",242,33
1259075257970888704,"Wenn Europa scheitert 
scheitern wir 

WeAreInThisTogether 
Europatag 
NieWieder ","ABaerbock","2020-05-09 10:58:28",654,88
1258669826454757376,"Wir erinnern wir gedenken und vor allem tragen wir Verantwortung Demokratie zu verteidigen Gegen Faschismus Antisemitismus und Rassismus aufzustehen Und Europa gemeinsam zu leben 

TagDerBefreiung Mai NieWieder Europatag ","ABaerbock","2020-05-08 08:07:26",270,42
1257620668381835264,"Die EZB musste den Mangel an gemeinsamer Fiskalpolitik der Euroländer ausbaden Das EZBUrteil des BVerfG so irritiert ich bin verpflichtet die Bundesregierung jetzt erst recht zu einem proeuropäischen Impuls für die Fiskalpolitik der Eurozone","ABaerbock","2020-05-05 10:38:27",245,35
1257292659720421376,"Konjunkturprogramm in Grün Jetzt oder nie ","ABaerbock","2020-05-04 12:55:04",415,73
1256884468993966080,"Aus doppeltem Anlass Wenn Journalistinnen Angst haben müssen verprügelt und attackiert zu werden ist die Pressefreiheit gefährdet Das dürfen wir nicht zulassen angefangen bei uns im eigenen Land Journalistinnen sind unverzichtbar für unsere Demokratie heuteshow","ABaerbock","2020-05-03 09:53:03",2214,253
1256684703094013952,"Danke für Ihre Gastrede JunckerEU auf unserem Laenderrat DieGruenen und vor allem für die klaren Worte

Das Virus lässt sich nicht von Zollbeamten und Polizisten aufhalten Die Grenzen müssen geöffnet werden unverzüglich
Europa Schengen Freizügigkeit","ABaerbock","2020-05-02 20:39:15",408,61
1256132125432205312,"Gerade in der Krise müssen wir uns gemeinsam stark machen für diejenigen die nicht die lauteste Stimme haben Solidarisch ist man nicht alleine SolidarischNichtAlleine Mai dgbnews ","ABaerbock","2020-05-01 08:03:31",646,119
1255111544435871744,"Aus gegebenem Anlass Unsere Gesellschaft zeichnet aus dass alle ein gleiches Recht auf medizinische Behandlung haben Unsere Verfassung ist da mehr als klar","ABaerbock","2020-04-28 12:28:05",7150,673
1253792814028242944,"Auf den Punkt ","ABaerbock","2020-04-24 21:07:55",591,102
1253644504340541440,"Wir trauern um Norbert Blüm Er war eine beeindruckende Persönlichkeit die stets gezeigt hat dass Haltung und Menschlichkeit an erster Stelle stehen Seine Körper mag uns verlassen seine Spuren bleiben Wir danken ihm dafür Möge er in Frieden ruhen","ABaerbock","2020-04-24 11:18:36",869,56
1253021022342840320,"Der morgige EUGipfel muss klarmachen dass EUsolidarity das Gebot in Zeiten der Coronakrise ist Vor der italienischen Botschaft setzen wir dafür heute die Botschaft der Stunde WeAreInThisTogether ","ABaerbock","2020-04-22 18:01:06",287,46
1251494388322177024,"Völlig unverständlich Wenn weiterhin wenig Kontakt höchstes Gebot ist warum wird nun gerade im systemrelevanten Bereich der Arztpraxen Kontaktdichte amp Risiko unnötig erhöht Gesundheitsministerium sollte dringend kontraproduktive Entscheidung des GBA außer Kraft setzen ","ABaerbock","2020-04-18 12:54:48",631,132
1251196024741298176,"Frauen helfen Frauen Super Initiative jagodamarinic coronaSheroes feministsolidarity ","ABaerbock","2020-04-17 17:09:13",40,7
1251099705414746112,"Das Ende der Seenotrettung im Mittelmeer ist mit der Coronakrise nicht zu rechtfertigen Die Häfen müssen offen bleiben Es ist richtig die Menschen von der AlanKurdi an einen sicheren Ort zur Quarantäne zu bringen so schnell wie möglich ","ABaerbock","2020-04-17 10:46:28",371,53
1250807199040970752,"Die Situation von Kindern Familien bei Covid darf kein blinder Fleck bleiben So wie in der gemeinsamen Erklärung von Kanzlerin ampMPs spezifische Lösungen für Ältere eingefordert werden um Isolation zu verhindern gilt das auch für Kinder ","ABaerbock","2020-04-16 15:24:09",255,58
1250389994205741056,"Das darf echt nicht wahr sein 
Weil die Bundesregierung nicht bereit ist größere Kontingente zu nehmen zerreißt man jetzt auch noch Geschwister u Familien Diese Kinder in Moria sind bereits traumatisiert Familiäre Verbindungen müssen bei Relocation berücksichtigt werden ","ABaerbock","2020-04-15 11:46:20",1396,333
1250066251570954240,"Für die jetzt anstehende zweite Phase der COVIDBekämpfung braucht es eine jeweils am aktuellen Risiko orientierte modulare Strategie die das Virus zielgerichteter bekämpft und eine schrittweise Lockerung von Beschränkungen mit effektivem Gesundheitsschutz verbindet ","ABaerbock","2020-04-14 14:19:54",203,36
1250019553171644416,"Coronakrise verschärft die soziale Spaltung Kinder aus benachteiligten Familien müssen am virtuellen Unterricht teilnehmen können Sollten die Schulen bzw einzelne Jahrgänge weiter geschlossen bleiben braucht es eine digitale Ausstattung für Kinder im Bildungs Teilhabebezug ","ABaerbock","2020-04-14 11:14:20",167,32
1249462247342161920,"Si Europa no está unida las fuerzas antidemocráticas y antieuropeas tratarán de llenar ese vacío

Mi entrevista con EL PAÍS y el diario italiano La Repubblica
elpaisuy larepublicape 

WeAreInThisTogether 
COVID

","ABaerbock","2020-04-12 22:19:48",119,28
1247995280911458304,"Auf den Punkt UdgapevU „In das politische Handlungs und Führungsvakuum innerhalb der EU treten Europas geopolitische Gegenspieler Was aber wenn China morgen Italien und Spanien einen großzügigen chinesischen Marshallplan anbietet„ ","ABaerbock","2020-04-08 21:10:36",178,36
1247854285947355136,"Deutschland kann es nur gut gehen wenn es Europa gut geht Jetzt ist der Moment in dem wir als europäische Gemeinschaft zusammenstehen und mit einer starken gemeinsamen europäischen Anleihe einen finanziellen Schutzschirm über die Eurozone spannen müssen CoronaBonds","ABaerbock","2020-04-08 11:50:20",866,133
1247534879652188160,"Es geht nicht um ExitZeitpunkt sondern um qualitative Kriterien Wir müssen jetzt zu einer risikoadaptierten Strategie kommen Das heißt dass man einzelne Sektoren schrittweise wieder öffnen kann wenn man gewisse Voraussetzungen schafft“ Corona ","ABaerbock","2020-04-07 14:41:08",342,43
1245959922694660096,"Ganz stark Das Mittagessen für bedürftige Kinder amp Spenden der Tafel kommen dank Koop von ARCHEKids Potsd Tafel Caterern der Stadt zu den Familien nach Hause Danke für konkrete Hilfe in Krisenzeiten denn diejenigen die am meisten leiden sind am wenigsten sichtbar ","ABaerbock","2020-04-03 06:22:49",181,18
1245053141793603584,"Um Unterproduktion bei Schutzgütern zu beenden braucht es eine Pandemiewirtschaft Bundesregierung sollte dafür dringend Task Force einsetzen Ausreichend Atemschutzmasken co sind essentiell zur COVID Eindämmung u für Schritte aus dem lockdown ","ABaerbock","2020-03-31 18:19:35",325,54
1243281878402170880,"Doch wie Europäer Griechen und Deutsche heute im Angesicht der Gefahr in der Ägäis reagieren wird zukünftigen Generationen viel erzählen Nicht nur wer wir sein wollen Sondern wer wir tatsächlich sind ","ABaerbock","2020-03-26 21:01:13",651,131
1242200355791941632,"Wichtig bitte verbreiten ","ABaerbock","2020-03-23 21:23:38",683,398
1241836461063798784,"Alles Gute liebe Frau Merkel und bleiben Sie gesund
COVIDUFC ","ABaerbock","2020-03-22 21:17:39",1431,59
1241776478091698176,"Gut dass Kanzlerin Länder sich auf gemeinsame weitere Leitlinie zu COVID geeinigt haben In d Krise ist Vertrauen in staatliche Handlungsfähigkeit zentral Wichtig auch dass Rausgehen weiter möglich ein solch tiefer Grundrechtseingriff eng befristet ist Kontaktsperre","ABaerbock","2020-03-22 17:19:18",674,67
1241478754175762432,"Europäische Solidarität
solidarite par excellence UFEAUFFA

BadenWürttemberg nimmt Corona Patienten aus dem Elsass auf 

Danke BWjetzt MSIBW ","ABaerbock","2020-03-21 21:36:15",640,82
1239656611259523072,"Félicitations EELV yjadot 

Unsere französischen Grünen FreundInnen mit super Ergebnissen bei der Kommunalwahl UFB ","ABaerbock","2020-03-16 20:55:42",174,16
1239550403110416384,"Glückwunsch nach Bayern Landauf landab haben GrueneBayern deutlich zugelegt Stärkste Kraft in Stadträten München WürzburgLandshut An vielen anderen Orten gerade im ländlichen Raum zweitstärkste Kraft Und klar ein paar OBStichwahlen mehr wären noch schöner gewesen ","ABaerbock","2020-03-16 13:53:40",337,42
