"id","text","screenName","created","favoriteCount","retweetCount"
"1462825433582419971","https://t.co/iMtJ2SynRE","Beatrix_vStorch",2021-11-22 16:48:56,114,22
"1462825028203040768","Anzeige ist raus! Was @SarahFruehauf und @tagesthemen gemacht haben, war #Volksverhetzung gegen #Ungeimpfte. Ihr „M… https://t.co/bQbt53PqLV","Beatrix_vStorch",2021-11-22 16:47:19,392,121
"1462668641099554820","Was  machen nun die vielen Faktenchecker? Löschen Correctiv, Tagesschau und Co nun ihre eigenen Artikel als Fake-Ne… https://t.co/Il9ZCbplOv","Beatrix_vStorch",2021-11-22 06:25:53,783,231
"1461674357349044239","<U+0001F1E6><U+0001F1F9> Weil zu wenig Intensivpfleger da sind, wird also demnächst die Polizei unter (ULTIMA Ratio!) Einsatz unmittelbar… https://t.co/OD9M9FwBap","Beatrix_vStorch",2021-11-19 12:34:58,286,69
"1460614069887643656","Das sind keine schutzbedürftigen Flüchtlinge. Das sind Gewalttäter und Rechtsbrecher. #VolleSolidaritätMitPolen https://t.co/ae7Cofb8oS","Beatrix_vStorch",2021-11-16 14:21:45,1284,336
"1460369245683032064","Impfen oder nicht ist eine höchstpersönliche Entscheidung. Die Frage zu stellen oder sie zu beantworten heißt, den… https://t.co/EpikrG8lGl","Beatrix_vStorch",2021-11-15 22:08:55,360,53
"1460145326996733954","Impfpflicht ist totalitär.","Beatrix_vStorch",2021-11-15 07:19:08,2711,407
"1459517899329130500","Die lustige @heuteshow findet, ich solle an den Klimawandel glauben, statt an Gott. Der Klimawandel ist FAKT, seit… https://t.co/RCH6nRKtqn","Beatrix_vStorch",2021-11-13 13:45:58,825,132
"1459107948035252262","Der europäische Antisemitismus ist zuvörderst links und muslimisch: Die Botschafterin <U+0001F1EE><U+0001F1F1>s in <U+0001F1EC><U+0001F1E7> muss aus der renomm… https://t.co/7SiyjcY5RA","Beatrix_vStorch",2021-11-12 10:36:58,488,150
"1458474070970880011","Radikalisierung der Klimabewegung: taz diskutiert, welche Gewalt gegen Klimawandel erlaubt ist. Lobt die „Zerstörun… https://t.co/BEXLDMC4Qq","Beatrix_vStorch",2021-11-10 16:38:10,220,59
"1458461057891115012","Es gibt immer noch Menschen, die denken von 12 bis mittags. Nach 6 Jahren Diskussion über Push- und Pull-Faktoren k… https://t.co/Aw4JWa8lxx","Beatrix_vStorch",2021-11-10 15:46:27,608,112
"1458395020038262788","#Merkel ist historisch gescheitert, die AfD durch die Geschichte bestätigt: Wenn die #EU 2015 AfD-Politik betrieben… https://t.co/nFa3E8vphL","Beatrix_vStorch",2021-11-10 11:24:03,636,120
"1458369888175722504","Söder und seine CSU haben mit ihrer schädlichen CO2-Steuer die Sprit- und #Energiepreise überhaupt erst angeheizt u… https://t.co/QomELwdN1K","Beatrix_vStorch",2021-11-10 09:44:11,252,63
"1458339883081158656","#TyranneiDerUngeimpften? Wer 2G fordert, der spaltet die Gesellschaft, Familien und Freunde. Ehemann darf ins Resta… https://t.co/w1GOJevLtu","Beatrix_vStorch",2021-11-10 07:44:57,901,153
"1457975237602160640","Die größte Gefahr für die deutsche Industrie ist nicht der Chinese. Sondern die deutsche Energiepolitik.… https://t.co/MzbU000XiG","Beatrix_vStorch",2021-11-09 07:35:59,826,187
"1457753093173563400","Es ist 2015 2.0. Das sollte jetzt auch der letzte verstanden haben. Gut, dass <U+0001F1F5><U+0001F1F1> seine Grenze schützen und mit Zäun… https://t.co/bVpsfhrSbN","Beatrix_vStorch",2021-11-08 16:53:15,881,181
"1457641964216672265","Lieber @c_lindner, unter dem Beitrag Ihrer zukünftigen Frau tobt der linksgrüne Mob - weil sie es wagte das Flugzeu… https://t.co/XlR2sRg92D","Beatrix_vStorch",2021-11-08 09:31:40,151,25
"1457068907366395904","Echt jetzt? Wir reden über #3G, Lockdown, Masken oder gar 2G wegen der  Intensivbettenauslastung- und fliegen gleic… https://t.co/kdL7sEt0Ct","Beatrix_vStorch",2021-11-06 19:34:33,1374,313
"1456985118283816965","Syrer. Anerkannter Flüchtling. 3 Schwerverletzte. Psychisch auffällig. Nein. Nicht alle Flüchtlinge sind so. Nicht… https://t.co/gJon8bdyNk","Beatrix_vStorch",2021-11-06 14:01:36,1641,303
"1456661305797062660","Auf der „Seuchentribüne“ hatte auch nach der Konstituierung niemand #Corona. Nur Sepp Müller (CDU) hatte wohl schon… https://t.co/l9ZVyEmDwl","Beatrix_vStorch",2021-11-05 16:34:53,275,64
"1456647472353316872","Wenn #Lindner Finanzminister wird, werden wir ihn messen an Einkommensteuer, Erbschaftsteuer, Reduzierung der Staat… https://t.co/aHkM6hwkxB","Beatrix_vStorch",2021-11-05 15:39:55,474,102
"1456526579572555776","#KurzstreckenUschi darf auf gar keinen Fall trenden! Könnte ja noch jemand merken, dass die alle nur #Klimaheuchler… https://t.co/OG8ApwCUl1","Beatrix_vStorch",2021-11-05 07:39:32,1366,413
"1456240866146856965","Eurozone Erzeugerpreisindex für September: steigend mit 2,7% zum Vormonat und 16% (!) zum Vorjahr. Was macht die EZ… https://t.co/fKEYASTaHX","Beatrix_vStorch",2021-11-04 12:44:12,626,142
"1455917415695626241","Während in <U+0001F1E9><U+0001F1EA> die #Energiekrise tobt, Sprit-, Gas- und Ölpreise eskalieren, hat die BReg nichts besseres zu tun als… https://t.co/9dWP9sRHaF","Beatrix_vStorch",2021-11-03 15:18:56,994,290
"1455872842671792128","„Ich habe Hunger und nichts zu essen. Ich fahre einen Tesla.“ So? Realität und Satire verschmelzen. https://t.co/UXwOntRow9","Beatrix_vStorch",2021-11-03 12:21:49,257,59
"1455554748841611272","Je höher die Impfquote desto brutaler die Grundrechtseinschränkungen? Impfen - oder Unfreiheit? Und überhaupt: was… https://t.co/pFzWjWQ6Eh","Beatrix_vStorch",2021-11-02 15:17:49,759,170
"1455494414051250186","Gas- und #Strompreise explodieren, die Industrie fährt Produktion herunter. Wenn in 8 Wochen trotz #Energiekrise 3… https://t.co/I9LENpOH4w","Beatrix_vStorch",2021-11-02 11:18:04,646,182
"1455478536509214720","Klima-Milliardäre zu Gast in Schottland – mit 400 Privatjets. Deren Egotrip bedeutet: Arbeiter verlieren ihre Jobs,… https://t.co/zddmsYaE22","Beatrix_vStorch",2021-11-02 10:14:59,406,126
"1455062232186998784","Very powerful speech by my colleague @AndersonAfDMdEP! https://t.co/fCbyWsxEZI","Beatrix_vStorch",2021-11-01 06:40:44,153,44
"1454727080982237187","Die #Zeitumstellung muss abgeschafft werden. Hier hätte die EU EINMAL etwas Gutes tun können. Aber nein, nichtmal d… https://t.co/Q9ipQXl1ob","Beatrix_vStorch",2021-10-31 08:28:58,1514,246
"1453983325471793153","Die #Linke ist offenbar Teil oder sympathisiert zumindest mit der organisierten #Kriminalität - oder wie sonst komm… https://t.co/eMns92Xng3","Beatrix_vStorch",2021-10-29 07:13:33,548,135
"1453809765960781829","4,5% #Inflation - bei gerade einmal 1-2% Lohnanstiegen. Die Bürger werden enteignet und ärmer. Schuld ist die… https://t.co/Q1vvLMQAdZ","Beatrix_vStorch",2021-10-28 19:43:53,447,102
"1453719663699894277","Die #AfD ist die einzige Partei, die sich für Kernenergie ausspricht, genau wie unsere Nachbarn #Frankreich +… https://t.co/4kewM8FE4j","Beatrix_vStorch",2021-10-28 13:45:51,457,100
"1453662224032075777","Geld ist nie „weg“. Es hat immer nur ein anderer. #Reichewerdenreicher #Armewerdenärmer #EuroKannNichtfunktionieren https://t.co/RHYB4L3xXh","Beatrix_vStorch",2021-10-28 09:57:36,405,80
"1453275780792913920","#Lindner gräbt die Freiburger Thesen von 1971 aus, um den Linksruck der #FDP zu rechtfertigen. Vor der Wahl reichte… https://t.co/gdCYRI1jaO","Beatrix_vStorch",2021-10-27 08:22:01,500,123
"1452910991436615682","Ökumenischer Gottesdienst in der St. Marienkirche- mit unserem Vizepräsidentenkandidaten Michael Kaufmann, den alle… https://t.co/Vwl8Ioob7E","Beatrix_vStorch",2021-10-26 08:12:28,245,34
"1451434942534201352","Die rot-rot-grüne Regierung in Berlin ist so derart kaputt, es ist nicht mehr lustig. Sparen bei Bildung und unsere… https://t.co/Y5irdxxKFS","Beatrix_vStorch",2021-10-22 06:27:11,627,195
"1450816620671156224","#Linder hat sich bürgerlich inszeniert. Die #FDP hat ihre Landung im linken Lager schon lange vorbereitet. Keine St… https://t.co/13fYZdEYOv","Beatrix_vStorch",2021-10-20 13:30:11,521,156
"1450705559922036741","Mitten in der Energiepreiskrise will Baerbock #NordStream2 stoppen und mehr Gasangebot auf dem deutschen Markt verh… https://t.co/0yA5jW6Scu","Beatrix_vStorch",2021-10-20 06:08:52,1028,297
"1450503813207666691","Fast jeder weiß es, aber kaum jemand spricht es aus: Wir brauchen die #Kernkraft. Die #Energiewende ist Murks. Resu… https://t.co/UG0oFHjR0t","Beatrix_vStorch",2021-10-19 16:47:12,714,150
"1450440963550294023","Lieber @c_lindner, was genau war jetzt eigentlich das attraktive Angebot von @OlafScholz? Dass die Steuern nicht NO… https://t.co/2nA4oGKf3a","Beatrix_vStorch",2021-10-19 12:37:28,335,75
"1450414262132805632","#Schuldenbremse wird 2023 eingehalten? Verspricht Lindner. #Ampel: Die Schuldenberge werden vorher schon aufgetürmt… https://t.co/8WfDE9pK9O","Beatrix_vStorch",2021-10-19 10:51:22,334,97
"1450159443891658754","Sofortige Abschaffung der CO2-Steuer. Senkung der Umsatzsteuer von 19 Prozent auf 15 Prozent. Höhe der Mineralölste… https://t.co/h92gD0BUiw","Beatrix_vStorch",2021-10-18 17:58:48,1035,262
"1450044046714540034","Gewerkschaft der Bundespolizei fordert #Grenzkontrollen nach Polen. Richtig so! Migration über Osteuropa, Flüge aus… https://t.co/nqFNJslqN2","Beatrix_vStorch",2021-10-18 10:20:15,776,167
"1449088927109894144","Für die #Ampel gilt links, linker, #Lindner: Nach der Wahl hat die #FDP sich an die #Grünen rangewanzt und ihre bür… https://t.co/2X9oDwBUZd","Beatrix_vStorch",2021-10-15 19:04:57,808,198
"1449020469030658054","#Merkel: Grenzen kann man gar nicht schützen. Ihre Grenzöffnung beruhte auf Lügen, Ideologie und Inkompetenz.… https://t.co/tyAmd8OEM6","Beatrix_vStorch",2021-10-15 14:32:55,979,266
"1448942763752427545","Gut, dass #Koepi heute geräumt wird. Es darf keine rechtsfreien Räume für Linksextremisten geben. Viel Erfolg den P… https://t.co/S5ILoTdN4D","Beatrix_vStorch",2021-10-15 09:24:09,684,121
"1448706662236295171","Natürlich brauchen wir #Neuwahlen. Die Berliner Wahl ist für die Demokratie, was der BER für den Verkehr ist:  Tota… https://t.co/dN34bFHOMF","Beatrix_vStorch",2021-10-14 17:45:58,622,146
"1448549312938532866","Dieser GEZ-Clown, der locker jenseits der 100.000 EUR aus Zwangsgebühren kriegt, wünscht allen Bürgern höhere Energ… https://t.co/gz7MvX4FBY","Beatrix_vStorch",2021-10-14 07:20:43,1205,316
"1447826696875413505","Das war ein Vorgeschmack auf die neue Regierung: Scholz fragt Esken um Erlaubnis, bevor er sich positioniert. #Ampel https://t.co/tUVJSeRxf9","Beatrix_vStorch",2021-10-12 07:29:18,339,77
"1447566657237524498","Nein. Der Muezzin-Ruf ist nicht Ausdruck der Religionsfreiheit und von Toleranz und Vielfalt. Er ist Ausdruck eines… https://t.co/dxCpnYs6yb","Beatrix_vStorch",2021-10-11 14:16:00,948,240
"1447271772060069890","Die #FDP hat Recht! Sie gehört hart nach links- direkt neben die Linke. Sie schickt sich an, der Steigbügelhalter d… https://t.co/D6HBJUSfSd","Beatrix_vStorch",2021-10-10 18:44:14,935,212
"1446146733772263426","ES IST EIN EINZIGER WITZ! Nach fast 2 Monaten ist DAS die Antwort der Regierung auf meine #Ortskräfte-Frage. 1) So… https://t.co/MnymPKdNeo","Beatrix_vStorch",2021-10-07 16:13:44,451,152
"1446094910352936971","Es kostet massive Überwindungskraft, aber ich stelle mich gedanklich bereits darauf ein, demnächst häufig ""Minister… https://t.co/qmRQWIWMaX","Beatrix_vStorch",2021-10-07 12:47:48,1737,290
"1445347212503003137","Weekly reminder, dass die Regierung jetzt seit bald zwei Monaten (!) nicht auf die Frage nach den Ortskräften geant… https://t.co/9tRGCcroTR","Beatrix_vStorch",2021-10-05 11:16:43,414,125
"1445136741296484354","#facebookdown klingt wie eine Verheißung. Möge der Schaden bei den Tech-Milliardären und linken Zensur-Päpsten mögl… https://t.co/nUcX2T2OIw","Beatrix_vStorch",2021-10-04 21:20:23,1234,187
"1444733897913376770","Wir sind ein #Volk: Die AfD will den deutschen Nationalstaat bewahren. Nicht in der EU auflösen. Für ein Europa der… https://t.co/UmfYUrkJ0A","Beatrix_vStorch",2021-10-03 18:39:37,1393,269
"1443945617714262019","Das ist die grüne Bundestagsfraktion: neue Abgeordnete fordern ganz offen, dass Deutschland 200 Mio. sog. ""Klima-Fl… https://t.co/waJn8c68PA","Beatrix_vStorch",2021-10-01 14:27:17,486,123
"1443933857473040386","Geschätzte Wahlergebnisse, identische Ergebnisse in zahlreichen Wahlbezirken, Wahlbeteiligungen von über 100%, stun… https://t.co/4LKLe3PcWY","Beatrix_vStorch",2021-10-01 13:40:33,1960,506
"1443921543441096720","Die #Inflation eskaliert immer weiter. Und kein einziges Medium schafft es, die fatale Geldpolitik der EZB und die… https://t.co/LFf4mmdkDi","Beatrix_vStorch",2021-10-01 12:51:37,1173,283
"1441749633915449351","Sensationeller Wahlkampfabschluss gestern Abend am Charlottenburger Schloss! <U+0001F4AA><U+0001F3FC><U+270C><U+FE0F><U+0001F499> Nur noch AfD! Danke an… https://t.co/YMHmjBKXok","Beatrix_vStorch",2021-09-25 13:01:13,377,65
"1441481320157237248",".@KonstantinKuhle sollte sich lieber Gedanken über seine eigene #Selbstradikalisierung machen. Die können wir in je… https://t.co/eb4ZomRWKM","Beatrix_vStorch",2021-09-24 19:15:02,226,38
"1440574024547909638","Wir werden bedroht. Vor unseren Wohnungen. Ganz unverblümt. Mit freundlicher Unterstützung von Rot-Rot-Grün, das di… https://t.co/mHLnT1OzXH","Beatrix_vStorch",2021-09-22 07:09:46,430,161
"1439567352476078083","Wir haben ein hartes Linksextremismusproblem. Kann man unter #le1809 eindrucksvoll sehen. Das sind die linksterrori… https://t.co/pOdnvparKN","Beatrix_vStorch",2021-09-19 12:29:37,1289,321
"1439167553474007045","Der Außenminister Großbritanniens wird entlassen und die Außenministerin der Niederlande tritt wegen ihres Versagen… https://t.co/3upNQX79kE","Beatrix_vStorch",2021-09-18 10:00:57,2243,504
"1438894792436486146","Tja, Lügen haben kurze Beine und Gerechtigkeit siegt. Wir haben den NDR wegen seiner Fluthilfen-Lüge erfolgreich ab… https://t.co/CgdzZ46yEy","Beatrix_vStorch",2021-09-17 15:57:06,1159,305
"1438878196905172995","Wen will #Ziemiak hier eigentlich für dumm verkaufen? Die fatale EU-Umverteilung von Deutschland zu allen anderen g… https://t.co/43y7488HPW","Beatrix_vStorch",2021-09-17 14:51:09,261,80
"1438856825521283075","Die BReg hat IMMER NOCH NICHT geantwortet. Mehr Verachtung für die Opposition und den Bürger geht nicht. Was wird h… https://t.co/lB6ofQGmFt","Beatrix_vStorch",2021-09-17 13:26:14,308,113
"1438794720935829505","Sommer 2021: Drei Tote durch einen Islamisten in #Würzburg, mehrere Verletzte durch zwei islamistische Attacken in… https://t.co/CvWL4cNaQq","Beatrix_vStorch",2021-09-17 09:19:27,1574,388
"1438509941178830856","Ein offenbar ganz konkret geplanter Sprengstoffanschlag. Durch einen Syrer. Auf eine vollbesetzte Synagoge. Am höch… https://t.co/0qlIjiTL38","Beatrix_vStorch",2021-09-16 14:27:50,503,115
"1438445904151908362","Gerne darf daran erinnert werden, dass #Scholz auch beim Thema Klima/Kohleausstieg genau NULL Argumente hat. Man mu… https://t.co/dQmrYqQpRZ","Beatrix_vStorch",2021-09-16 10:13:23,457,150
"1438403591094538242","Die ARD lässt „zufällig“ ausgewählte „Bürger“ von vom VS beobachteten #Linksextremisten für #Wahlarena schulen. Das… https://t.co/qLwuAEqPJS","Beatrix_vStorch",2021-09-16 07:25:15,699,185
"1438090667473915909","Die #FDP gibt sich liberal-konservativ, in Wahrheit ist sie links. Sie will 500.000 (!) Einwanderer im Jahr. Kommt… https://t.co/FsjcX1AIna","Beatrix_vStorch",2021-09-15 10:41:48,848,295
"1437736270399217664","Bartsch verteidigt Enteignungen, #Baerbock ist Fan von Verboten. Wollen uns LINKE und Grüne noch einmal sehr deutli… https://t.co/2M3yQlSsRl","Beatrix_vStorch",2021-09-14 11:13:33,1116,210
"1437696174312640512","CDU/CSU: ""2015 darf sich nicht wiederholen!!1!""

Auch CDU/CSU: „Entscheidung der Bundeskanzlerin 2015 die Grenzen N… https://t.co/x0lNQvDBjp","Beatrix_vStorch",2021-09-14 08:34:13,394,124
"1437427532446449672","@phoenix_de @akm0803 @derspiegel @FloBauerAuthor Briefwahlkritik bedeutet Sturz des Systems? Diese Frau ist eine Be… https://t.co/M1WvDVjfrY","Beatrix_vStorch",2021-09-13 14:46:44,68,9
"1437427493561057280","Briefwahlkritik bedeutet Sturz des Systems? Diese Frau ist eine Beleidigung für jeden Menschen mit Verstand. Intell… https://t.co/4cCMWJwLn8","Beatrix_vStorch",2021-09-13 14:46:35,334,88
"1437400671301611522","Überraschung! Wenn der Wind weniger weht, produzieren Windkraftanlagen weniger Energie. Ohne #Kohle und #Kernkraft… https://t.co/02AoJleN1I","Beatrix_vStorch",2021-09-13 13:00:00,556,153
"1437330081098178561","Der islamische Extremismus wuchert nicht still und heimlich, sondern schreitet freudig über den roten Teppich, den… https://t.co/Ak75rkSWQK","Beatrix_vStorch",2021-09-13 08:19:30,1087,260
"1437297414101209088","Grüne: ""Wir sind keine Verbotspartei!!1!""

Auch Grüne: „Verbote bedeuten oft Fortschritt“, „Jedes Verbot ist auch e… https://t.co/3G2ngDsr9U","Beatrix_vStorch",2021-09-13 06:09:41,1909,424
"1436288445366816791","Zwei Schwerverletzte. An einem Tag. In Berlin. 2 Anschläge. 2 Täter. Ein Afghane. Ein Iraker. Islamisten. Stört hie… https://t.co/ILPz8FOXOm","Beatrix_vStorch",2021-09-10 11:20:24,998,360
"1435921984056176645","Wer war Innensenator in Hamburg als die islamistische Terrorzelle die Anschläge vom 11. September plante? Richtig,… https://t.co/Bm2wffDLzg","Beatrix_vStorch",2021-09-09 11:04:13,795,300
"1431293880675323908","#Realsatire: Linkstwitter feiert jetzt ernsthaft #Habeck|s ""Wirtschaftskompetenz"" bei #Illner. <U+0001F602> Weder er, noch… https://t.co/kQrT4H0TZE","Beatrix_vStorch",2021-08-27 16:33:47,744,138
"1430911052405829632","Nächste Welle illegaler #Massenmigration droht. Viele der afghanischen Migranten werden versuchen Europa über den L… https://t.co/PSRnkC5I9w","Beatrix_vStorch",2021-08-26 15:12:34,957,271
"1430644300732411911","Die #Taliban als Mitglied der UN-Kommission zum Schutz der Rechte von Frauen ist so absurd wie ein #HeikoMaas als A… https://t.co/PBg9zoqgt4","Beatrix_vStorch",2021-08-25 21:32:36,513,126
"1430440477627662337","Deutsche Muslime sehen #Demokratie positiver als Gesamtbevölkerung? Darum gibt es auch keine einzige muslimische De… https://t.co/JFd6XdtzFc","Beatrix_vStorch",2021-08-25 08:02:40,408,88
"1429921420260282371","Sehe ich es richtig, dass #KabulHasFallen und zwar an die  #Talibans, die hier fröhlich vor sich hin twittern? Eine… https://t.co/SdRuUQt6hS","Beatrix_vStorch",2021-08-23 21:40:07,667,170
"1429713028195528709","Wir sollen auf das #Lastenfahrrad umsteigen während in China allein zwischen 2015 und 2019 85 Millionen zusätzliche… https://t.co/2osKVzp8Ov","Beatrix_vStorch",2021-08-23 07:52:03,949,238
"1429081089906184192","Von wegen, wir retten „Ortskräfte“ auf der „Flucht“. Nein. Wir wollen „den Afghanen“ die „Ausreise“ ermöglichen. Da… https://t.co/JeJgRP2zEJ","Beatrix_vStorch",2021-08-21 14:00:57,609,206
"1427986289798811648","Das #Afghanistan-Debakel ist #Merkel|s Debakel: 2008 hätte sie die Koalition platzen lassen, um Abzug zu verhindern… https://t.co/I7mOuKIOSa","Beatrix_vStorch",2021-08-18 13:30:36,438,99
"1427672389719035906","Sitzen die auch auf der Flucht streng nach Geschlechtern getrennt und  Frauen und Kinder irgendwoanders? Oder flieh… https://t.co/mw5g1UnauD","Beatrix_vStorch",2021-08-17 16:43:17,796,187
"1427516845528166450","Die Union war 2001 nicht an der Regierung, als Rot-Grün den Einsatz in #Afghanistan begann. Sie hatte allerdings  s… https://t.co/jX2q81FXgK","Beatrix_vStorch",2021-08-17 06:25:12,886,190
"1427330567251582980","Nein! Keine Fehleinschätzung von ""uns allen"". Das war das #Versagen dieser Regierung, die das Märchen von Demokrati… https://t.co/hRLoXxixxt","Beatrix_vStorch",2021-08-16 18:05:00,1168,278
"1427280586050244612","Zum #Wahlkampfauftakt wurden zwei unserer Wahlkampfautos abgefackelt. Linke #Antidemokraten zeigen ihr ""Demokratiev… https://t.co/dCY6xuxcsb","Beatrix_vStorch",2021-08-16 14:46:23,826,321
"1427179639923957760","Ehrenmord durch Afghanen erschüttert Berlin. Schulen scheitern an Integration. 700 Lehrer kündigen. Aber Senator… https://t.co/hjHVLlWtng","Beatrix_vStorch",2021-08-16 08:05:16,1217,364
"1426978005637861381","59 Bundeswehrsoldaten sind in #Afghanistan gefallen. 12,5 Milliarden Euro in den Sand gesetzt. Demokratie dort: ein… https://t.co/JRgW2AFEWw","Beatrix_vStorch",2021-08-15 18:44:03,1562,436
"1426280666631704585","Würdige Veranstaltung heute. Die Mauer ist das Symbol für das Scheitern des #Sozialismus. Die Bürger, die an der Ma… https://t.co/tkZDqwyxuF","Beatrix_vStorch",2021-08-13 20:33:04,684,124
"1426164206043291650","Nie wieder Sozialismus! #Mauerbau #FreiheitStattSozialismus #DDR","Beatrix_vStorch",2021-08-13 12:50:18,673,116
"1425489883670491138","#Inflation, die Reiche reicher macht: Die VERMÖGENSwerte steigen. Das viele neu gedruckte Geld muss ja irgendwohin.… https://t.co/mMeIq9I4Ju","Beatrix_vStorch",2021-08-11 16:10:47,217,36
"1425471522555273218","Die Impfquote ist der alles entscheidende Faktor. Sagt #Merkel. Aber wir haben dazu keine verlässlichen Daten. In d… https://t.co/bBEhos7N7L","Beatrix_vStorch",2021-08-11 14:57:49,246,49
"1425383030835892226","28 Staaten steigen in Kernkraft ein, nur <U+0001F1E9><U+0001F1EA> steigt aus. Politik will Elektroauto, aber dreht Strom ab. 100 % Erneue… https://t.co/1IS3pVCWNl","Beatrix_vStorch",2021-08-11 09:06:11,592,190
"1425120208239435778","Die Bundeskanzlerin stellt fest: etwa 80 % der Risikogruppe der über 60-jährigen sind bereits geimpft. Trotzdem sol… https://t.co/MfYm8B7Yld","Beatrix_vStorch",2021-08-10 15:41:49,1388,281
"1425055734933475328","Wer sich empört, dass #Corona -Tests selbst bezahlt werden sollen, hat bereits akzeptiert, dass wir uns testen müss… https://t.co/v6dR29YGPh","Beatrix_vStorch",2021-08-10 11:25:38,1219,260
"1424446885889290242","Der Wahlkampf läuft an <U+0001F499> Und wer unsere Plakate abreißt, den packen wir am Kragen <U+0001F4AA><U+0001F3FC> und übergeben ihn der Polizei.… https://t.co/BSGKrBTHZQ","Beatrix_vStorch",2021-08-08 19:06:17,1249,364
"1424327110483664900","Bald wieder vor dem Supermarkt anstehen wie in der DDR. Die FDJ-Sekretärin #Merkel hat dann ihr Werk vollendet. Und… https://t.co/7yrPzc3pK7","Beatrix_vStorch",2021-08-08 11:10:20,593,182
"1423355613237686275","Tolle Zeitung. Prima Artikel. <U+0001F609>@jairbolsonaro @BolsonaroSP @Biakicis @carteiroreaca https://t.co/oM0D7Pn5Ur","Beatrix_vStorch",2021-08-05 18:49:57,126,29
"1423187645111406594","Wie bei der Mafia, da werden auch Verträge durch Angebote gemacht, die man nicht ablehnen kann. #GEZabschaffen https://t.co/haVWiw9KAk","Beatrix_vStorch",2021-08-05 07:42:30,290,87
"1423182111847104513","#Inflation jetzt schon offiziell bei 3,8 % (trotz manipulierten Warenkorbs…) Kaufkraft sinkt, Ersparnisse werden en… https://t.co/k0eTLty6xQ","Beatrix_vStorch",2021-08-05 07:20:31,935,247
"1422650137495617537","In <U+0001F1E7><U+0001F1F7> sind Wahlen NICHT überprüfbar, weil REIN elektronisch. @jairbolsonaro fordert deswegen Wahlzettel wie in <U+0001F1E9><U+0001F1EA> J… https://t.co/7N7hG2T8Jv","Beatrix_vStorch",2021-08-03 20:06:38,266,74
"1421540005160312839","Ich war in <U+0001F1E7><U+0001F1F7>. Für den Rückflug: PCR-#Testpflicht . Natürlich. Auf dem Rückflug natürlich trotzdem: Maskenpflicht.… https://t.co/muULBSWaUn","Beatrix_vStorch",2021-07-31 18:35:22,1951,381
"1416426518096535553","*Ein* so ein Ding von #Trump u es hätte tagelange Sondersendungen gegeben: „Ist Trump geisteskrank?“ Oder: „Wie sch… https://t.co/p9YGvKkgbD","Beatrix_vStorch",2021-07-17 15:56:12,586,188
"1415983968755781635","Interessant an dieser Nachricht ist ja, daß sowas heutzutage eine Nachricht ist. Früher war die Negierung von Schwa… https://t.co/17uzmX6ksg","Beatrix_vStorch",2021-07-16 10:37:40,208,45
"1415307028092891138","Den emissionsfreien Wagen gibt es schon. Man nennt es FAHRRAD. So wie es auch den emissionsfreien Staubsauger schon… https://t.co/XUsf8Rz4rE","Beatrix_vStorch",2021-07-14 13:47:45,521,91
"1415007875844476933","Ohne Impfen keine Freiheit, ergo: Impfen- oder Sklaverei! Steht so ja auch im Grundgesetz. #Tyrannei","Beatrix_vStorch",2021-07-13 17:59:01,1582,340
"1414901427139452931","Bis zum heutigen #Steuerzahlergedenktag haben die freien Bürger finanziell nur für den Staat geknechtet. Dafür, das… https://t.co/E0VpTlBLrj","Beatrix_vStorch",2021-07-13 10:56:02,780,185
"1414568026511495170","NEIN zu solchen Rücktrittsaufforderungen! Liebe @ABaerbock - bitte durchhalten u weitermachen. Sie sind der Garant… https://t.co/xtNw0SutNR","Beatrix_vStorch",2021-07-12 12:51:13,904,149
"1413415428949434368","Wer gendert verdooft. Davor ist auch der Generalinspekteur der Bundeswehr nicht gefeit. #Mitglieder|innen #Ohne https://t.co/Io9ldnEkWg","Beatrix_vStorch",2021-07-09 08:31:12,451,62
"1412379332086046726","Lebenslang für Menschenschmuggler, schnelle Abschiebungen und Auffangzentren in Übersee. Nach Dänemark leitet auch… https://t.co/qaUCmPSo0E","Beatrix_vStorch",2021-07-06 11:54:08,1875,474
"1411030188385878022","#FreeReitschuster","Beatrix_vStorch",2021-07-02 18:33:07,1142,261
"1410162326045659140","Wer auf seinen Knien liegt, ist von Anfang an besiegt. Wer Mut hat, dem gehört das Leben. Der lässt sich seinen Sto… https://t.co/jsmfp00aCp","Beatrix_vStorch",2021-06-30 09:04:32,1199,220
"1409950169026772992","45000 feiern, singen, jubeln, liegen sich lachend (oder weinend) in den Armen. Und danach dann: Interview auf Absta… https://t.co/XSeMHc5bQN","Beatrix_vStorch",2021-06-29 19:01:30,1481,350
"1409888897698570247","Wer ist eigentlich der größte Heuchler von allen? #Söder und CDU/CSU oder doch Baerbock und ihre Grünen?… https://t.co/EGHGlMZfS0","Beatrix_vStorch",2021-06-29 14:58:02,448,115
"1409847094144286725","Echt jetzt? @ABaerbock hat jetzt auch noch ihr halbes Buch plagiiert? #Quotenfrau #Frauenquote #nurnochpeinlich 

https://t.co/U2wxtjER1Z","Beatrix_vStorch",2021-06-29 12:11:55,532,131
"1409594717659148291","#Löw sagt gerade, dass die (deutsche<U+0001F631>) (National<U+0001F631><U+0001F631>) (Mann<U+0001F923>?) Schaft morgen im Spiel gegen England vor der #LSBTIQ-L… https://t.co/YbasJS6BHg","Beatrix_vStorch",2021-06-28 19:29:04,824,171
"1409187731981406210","1. Die Mordopfer von #Wuerzburg sind der #SPD-Vorsitzenden genau KEINE Silbe wert.
2. Stattdessen: Homage an die… https://t.co/gNqgBL3ZrY","Beatrix_vStorch",2021-06-27 16:31:51,829,260
"1408886140753616903","Hört Ihr auch dieses ohrenbetäubende Schweigen? #Islam #Merkel #Linke #Würzburg","Beatrix_vStorch",2021-06-26 20:33:26,2929,610
"1408793980624646145","Glückwünsche an @Die_Gruenen für den perfekten Werbeträger: Ferien auf Hawai, Speedboat-Fan, hauptberuflich mit 100… https://t.co/Z41jcuYir2","Beatrix_vStorch",2021-06-26 14:27:13,2395,716
"1408490572592009217","Wir sind in Gedanken und im Gebet bei den Opfern von #Würzburg und bei ihren Angehörigen. <U+0001F64F>","Beatrix_vStorch",2021-06-25 18:21:35,730,77
"1408464503885504517","#freegeorgthiel https://t.co/O1WgYO8ZBX","Beatrix_vStorch",2021-06-25 16:38:00,498,123
"1408377190601928708","#Kretschmann: ""Sehr harte Maßnahmen"", ""nicht verhältnismäßig gegenüber den Bürgern"", ""das Regime ändern"", ""harte Ei… https://t.co/p1FSa5hmMx","Beatrix_vStorch",2021-06-25 10:51:03,452,134
"1408306723320995842","Nachgereicht von heute Nacht: „Die AfD ist gegen Auslandseinsätze der Bundeswehr- und das ist nationalistisch.“  <U+0001F602>… https://t.co/D59hK5EDMR","Beatrix_vStorch",2021-06-25 06:11:02,622,164
"1408123202962853894","Die Bundesregierung hört nicht einmal dem eigenen #Generalbundesanwalt zu, dessen Zahlen klar aussagten: Die Gefahr… https://t.co/wLWdJcHsk7","Beatrix_vStorch",2021-06-24 18:01:47,515,185
"1407638210008715264","Gerade Innenausschuss. Generalbundesanwalt zu Gast. Thema: laufende #Terrorismus-Ermittlungsverfahren. Anzahl im Be… https://t.co/9p1r4l6z3i","Beatrix_vStorch",2021-06-23 09:54:36,1246,559
"1407431134028435459","Heute wieder: Sturm der Treppe vor dem Reichstag von einer Selfie-Truppe <U+0001F499><U+0001F60E><U+0001F61D> @AfDimBundestag https://t.co/puGp8AcgP6","Beatrix_vStorch",2021-06-22 20:11:45,695,102
"1407326535741317120","Fußball, aber normal! Unsere Farben sind schwarz-rot-gold. Lasst den Sport im Stadion und die Politik im Bundestag.… https://t.co/b80oSlgpPB","Beatrix_vStorch",2021-06-22 13:16:07,1708,310
"1407244708884197377","#Laschet ist radikal EU-fanatisch. EU-Zentralstaat, Vergemeinschaftung der Schulden, fatale sozialistische EU-Wirts… https://t.co/Crrc2gfOoA","Beatrix_vStorch",2021-06-22 07:50:58,346,108
"1407053171269189640","Richtig so! Mutig wäre es, die <U+0001F3F3><U+FE0F><U+200D><U+0001F308>-Armbinde bei der #WM in #Katar zu tragen. DA wäre das mal angebracht!  #Islam… https://t.co/e709kdvrwL","Beatrix_vStorch",2021-06-21 19:09:52,838,154
"1406960864029204482","Als AfD begrüßen wir die Einführung #jüdischer #Militärseelsorger in der Bundeswehr und gratulieren Zsolt Balla zu… https://t.co/iB0esXuXcG","Beatrix_vStorch",2021-06-21 13:03:04,279,43
"1405875531451600896","Ganze Straßenzüge in Flammen. Dutzende verletzte Polizisten. Doch Grüne &amp; Linke leugnen die #LinksextremeGewalt. De… https://t.co/JfOinfbf5W","Beatrix_vStorch",2021-06-18 13:10:21,851,201
"1405471323263062018","Die Linksterroristen der #Rigaer94 bleiben frei und unbehelligt. Währenddessen sitzt Georg Thiel im Knast, weil er… https://t.co/GIIU27sOKN","Beatrix_vStorch",2021-06-17 10:24:10,1775,524
"1405101171925204996","Nein, das ist nicht Bagdad, das ist die #Rigaer94 in Berlin. Mal wieder fliegen Böller und wohl Steine, Polizisten… https://t.co/LMrSllMTal","Beatrix_vStorch",2021-06-16 09:53:19,773,251
"1405099082335522818","#Greenpeace ist nicht gemeinnützig, sondern gemeingefährlich. #Baerbock unterstützt als Fördermitglied diese… https://t.co/RvsvV28vzS","Beatrix_vStorch",2021-06-16 09:45:01,406,84
"1404808229511741442","Ja, liebe @MelAmann: wir unterstützen die deutsche NATIONALmannschaft. Und die soll: FUSSBALL spielen. Das Runde mu… https://t.co/ginYzfOzSN","Beatrix_vStorch",2021-06-15 14:29:16,747,133
"1395742207307657222","Dort, wo ich es mit eigenem Hintergrundwissen beurteilen kann, hat der @c_drosten schon immer die Zusammenhänge ver… https://t.co/wglSK0XvER","Beatrix_vStorch",2021-05-21 14:04:08,352,76
"1395684216948547586","Grünes Erfolgsrezept: 1 Pfund Doppelmoral, 2 Glas Scheinheiligkeit, 3 Esslöffel Verlogenheit, gewürzt mit einer sta… https://t.co/FEl7FGCUYb","Beatrix_vStorch",2021-05-21 10:13:42,1614,425
"1395661353159954433","Die #FDP stellt perverse Anträge (Kinder sollen sich GEGEN den Elternwillen ihre Geschlechtsorgane amputieren lasse… https://t.co/BR7KR8G1dc","Beatrix_vStorch",2021-05-21 08:42:51,550,197
"1395275715084439552","""Jetzt reicht's aber!"", schrien Grüne/Linke/FDP nach meiner Rede. Derweil hatte ich nur klar aufgezeigt welche wide… https://t.co/RwRaW0YTj9","Beatrix_vStorch",2021-05-20 07:10:28,547,147
"1395051899678773251","Getroffene Hunde bellen. Es wurde daher laut heute als ich die Querfront zwischen muslimischem und linksgrünem… https://t.co/a97oqneq9z","Beatrix_vStorch",2021-05-19 16:21:06,388,74
"1394951862416195592","Das BMI (Hr. Koch) erklärt soeben im Innenausschuss: Hauptanmelder der Demos mit all den Ausschreitungen des muslim… https://t.co/1oB5FjLhu9","Beatrix_vStorch",2021-05-19 09:43:35,243,67
"1394943894522109955","Also bitte @FranziskaGiffey. Bei den Linksgrünen gehört ein dubioser Studien-/Doktorarbeits-Verlauf doch zur DNA un… https://t.co/1mJLJTtwek","Beatrix_vStorch",2021-05-19 09:11:55,376,63
"1394894243794198533","Unfassbar, was alles passieren muss, bis der Herr Innenminister was tut. ER KANN WENN ER WILL. Er will nur meistens… https://t.co/aukqR1pFYh","Beatrix_vStorch",2021-05-19 05:54:38,230,47
"1394540274228019201","In #Ceuta sind die letzten 24h min. 5000 illegale Migranten aus Marokko angekommen. So viele wie nie. Demnächst als… https://t.co/XMgrbdBvzs","Beatrix_vStorch",2021-05-18 06:28:05,708,221
"1394378085932445698","Genau wegen solchen Artikeln nennt man ZEIT und CO #Lückenpresse. Wieso wird die #AfD nicht erwähnt? Wir sind die e… https://t.co/aaUQIOjUyd","Beatrix_vStorch",2021-05-17 19:43:36,630,150
"1394298163641606154","#Lauterbach Anfang Mai: Altersdurchschnitt der Corona-Intensivpatienten bei 47/48 Jahren. Realität: nur 12 % unter… https://t.co/mUVPSeCVrf","Beatrix_vStorch",2021-05-17 14:26:01,370,106
"1394253380952936448","Darf man sich nach einem Schnupperkurs in London, wo man mit „ganz vielen Leuten aus den unterschiedlichsten Winkel… https://t.co/12rs7Z4spK","Beatrix_vStorch",2021-05-17 11:28:04,462,104
"1393875059392094212","#Realsatire: diejenigen, die illegal die #Judenhasser ins Land gelassen haben, wollen nun diejenigen, die genau dav… https://t.co/k1i5zRXPPz","Beatrix_vStorch",2021-05-16 10:24:45,363,94
"1393320783892688898","Jedes Jahr daran erinnern, dass die Anerkennung des Existenzrechts Israels keine Pflichtbedingung für die Teilnahme… https://t.co/oYb5Ky67vd","Beatrix_vStorch",2021-05-14 21:42:16,469,134
"1393120169543745536","#Twitter zensiert meine Forderung nach Abschiebung von ausländischen Antisemiten und stellt sich damit auf die Seit… https://t.co/f5LHwy26ub","Beatrix_vStorch",2021-05-14 08:25:05,795,273
"1392930857732673537","Die Bundesregierung hat zugesehen, wie Judenhass durch die antisemitische BDS-Bewegung salonfähig gemacht wurde. Di… https://t.co/S7RCCcNmgi","Beatrix_vStorch",2021-05-13 19:52:50,346,82
"1392914998658281476","Wer wagt es jetzt noch zu bestreiten, dass wir über die Migration Judenhass nach Deutschland importiert haben?… https://t.co/unWS3i25nu","Beatrix_vStorch",2021-05-13 18:49:49,453,157
"1392842093526228992","Wer wagt es jetzt noch zu bestreiten, dass wir über die Migration Judenhass nach Deutschland importiert haben? Hint… https://t.co/ab9SnW6lVq","Beatrix_vStorch",2021-05-13 14:00:07,464,113
"1392795638384009217","Heute ist – #ChristiHimmelfahrt. Und was tut @HeikoMaas? Klar: er wünscht ein gesegnetes Fest...und zwar allen Musl… https://t.co/t9knM76PaV","Beatrix_vStorch",2021-05-13 10:55:31,722,211
"1392773515816882176","Seit über 5 Jahren kritisiere ich @aimanMazyek und seinen nicht-repräsentativen Zentralrat der 1.001 Muslime. Es is… https://t.co/Mq9lNblN1r","Beatrix_vStorch",2021-05-13 09:27:37,655,187
"1392411097425186816","Angebot auf BEWÄHRUNG bei brutaler GRUPPENVERGEWALTIGUNG? Was sind das für Richter? Einfach nur noch unfassbar. Und… https://t.co/EARTBF4HRW","Beatrix_vStorch",2021-05-12 09:27:30,1180,398
"1392203958916165641","„Selbst Neandertaler sind zivilisierter.“ Mit diesem Satz sei dieses  Barbarenvideo geteilt worden. Twitter habe de… https://t.co/bv0gJMIbym","Beatrix_vStorch",2021-05-11 19:44:24,266,78
"1392081422391857154","Grüne Mathematiker*in: 5+2+1=7. #Baerbock erneuert jede Woche ihren Titel als #Inkompetenz-Weltmeister. Mit der gle… https://t.co/sjNSP9p5LJ","Beatrix_vStorch",2021-05-11 11:37:29,819,252
"1392019639866101760","Wo ist #Neubauer wenn ihre #FridaysForFuture-Freundin #GretaThunberg eine glühende Israel-Hasserin &amp; BDS-Unterstütz… https://t.co/DMOZ7uTBA6","Beatrix_vStorch",2021-05-11 07:31:59,609,155
"1391717311833333762","#Neubauer bleibt eine öko-sozialistische #Göre, die das Bionade-Bonzen-Milieu der heuchlerischen Soja-Teutonen mit… https://t.co/azDog6RV1A","Beatrix_vStorch",2021-05-10 11:30:38,1901,414
"1391477320649691144","Mit den Worten der #Linke|n: Allen gebärfähigen Körpern alles Gute zu Eurem Tag! #HerrWirfHirnVomHimmel! Und <U+2665><U+FE0F>!","Beatrix_vStorch",2021-05-09 19:37:00,710,99
"1391128619649490947","Die @FDP kann digital: an/aus. #Digitalpartei #digitalfirstwählensecond https://t.co/M06Bp0whtf","Beatrix_vStorch",2021-05-08 20:31:23,104,24
"1391122321243611137","Kopftuch bei Frauen im Öffentlichen Dienst stellt sicherlich keine ""Diversitätsbemühung"" dar. Der Staat hat politis… https://t.co/vwDnDnxugG","Beatrix_vStorch",2021-05-08 20:06:21,783,131
"1390589537932484610","Meine Frage an @thorsten_frei: Wie kann man eigentlich die Grundrechte anderer durch einen Spaziergang nach 22 Uhr… https://t.co/a7kXtSBZZi","Beatrix_vStorch",2021-05-07 08:49:16,271,62
"1390554481125888000","1.) Patentfreigabe ist Sozialismus. 2.) Sollte Frankreich wirklich BioNTech blockieren, zeigt das einmal mehr, dass… https://t.co/zGHBQLpUTO","Beatrix_vStorch",2021-05-07 06:29:58,501,97
"1390308584081158151","Die Partei der grünen Deutschland-Hasser will #Deutschland nicht im Titel ihres Wahlprogramms haben. Konsequent. Di… https://t.co/bkhbojkiAg","Beatrix_vStorch",2021-05-06 14:12:51,468,113
"1390278716182441985","Berechnung des Sachverständigenrats für Umweltfragen (übernommen vom BVerfG): <U+0001F1E9><U+0001F1EA> soll bis 2045 mit 6,7 Gigatonnen C… https://t.co/76Dfyul3K5","Beatrix_vStorch",2021-05-06 12:14:10,505,137
"1390219706984845313","#Klimalüge der Regierung endgültig entlarvt! @HBraun gibt ganz offen zu, dass Deutschlands Beitrag beim Thema Klima… https://t.co/ZWMMTX9gE3","Beatrix_vStorch",2021-05-06 08:19:41,499,168
"1389972197490503680","Die Wissenschaft verlange die Befreiung der Geimpften. Und was ist mit den Nicht-Geimpften? Sehen Sie hier, wie sic… https://t.co/ZgWopNItQF","Beatrix_vStorch",2021-05-05 15:56:10,267,46
"1389551203596525570","Grundrechte: Bundeskabinett beschließt Spaltung der Gesellschaft in Bürger und Nicht-Geimpfte. Wir wollen… https://t.co/7NCIiO5IqF","Beatrix_vStorch",2021-05-04 12:03:18,283,66
"1389331309705715712","Daß die #Grünen eine linke Republik wollen, ist nicht so schlimm. Schlimm ist, daß Ihre #CDU, @PaulZiemiak, das auc… https://t.co/yMbrIBAi4n","Beatrix_vStorch",2021-05-03 21:29:31,242,42
"1389153425322127360","Linke „Demo“. 93 verletzte Polizisten. #SPD: Das war „weitgehend friedlich.“ #b0105 Ich: „WHAT???“ https://t.co/vgwUGt5vB6","Beatrix_vStorch",2021-05-03 09:42:40,714,187
"1388585188704329729","Man stelle sich EINE Sekunde vor, das wären Rechtsextreme. Das größte Problem in diesem Land ist der… https://t.co/b7YAlYGAk9","Beatrix_vStorch",2021-05-01 20:04:42,1328,366
"1388463941391634434","Wer in der CDU ist, hat sich mehr als genug von der AfD abgegrenzt. Das kann man ja maximal noch durch eine Mitglie… https://t.co/KGBONae4Ct","Beatrix_vStorch",2021-05-01 12:02:54,754,122
"1388261415782334477","Ich schätze, da muss jetzt wieder eine Wahl rückgängig gemacht werden. #Maaßen #Direktkandidat","Beatrix_vStorch",2021-04-30 22:38:08,1491,224
"1388063163447451648","Euro, Atom, Migration, Diesel, Gender belegen den jahr10telangen Abstieg <U+0001F1E9><U+0001F1EA>s unter der Herrschaft der Kartellpartei… https://t.co/eEA6VSVJr7","Beatrix_vStorch",2021-04-30 09:30:21,373,95
"1369963603009429514","#Fukushima hat übrigens 0,0 Argumente gegen Kernkraftwerke in Deutschland geliefert. Da kann CDU-linksrotgrün rumkr… https://t.co/SsGGjyWTq6","Beatrix_vStorch",2021-03-11 10:49:10,903,216
"1369689837016612867","Daily reminder: die Grünen sind #Heuchler. Diesmal: Regine Günther, Verkehrssenatorin Berlin. Sie will das Auto und… https://t.co/ij02j3WW0Y","Beatrix_vStorch",2021-03-10 16:41:19,498,135
"1369667528289488897","Tja, es ist ganz einfach: Einer lügt. Entweder die CDU - oder das Gesundheitsministerium. Auch der zweite Antwortsa… https://t.co/dBicqs810o","Beatrix_vStorch",2021-03-10 15:12:40,176,43
"1369332361666629643","Uuuups, Millionen #Wohnungen könnten in Zukunft fehlen? Na sowas. Sozialistische Politik versagt natürlich auch bei… https://t.co/qdHY69C2ig","Beatrix_vStorch",2021-03-09 17:00:50,618,141
"1369213940421566464","Das linksregierte (!) Dänemark zeigt, dass man sehr wohl #abschieben kann- auch nach #Syrien. Asyl ist eben nur auf… https://t.co/ybzC346H7a","Beatrix_vStorch",2021-03-09 09:10:16,865,227
"1369178825200971782","Liebes @ZDFparis - habt Ihr sie noch alle? #Eiffelturm JEDEN Tag, wirklich JEDEN Tag, denke ich: schlimmer geht nim… https://t.co/LCuNLQWw5M","Beatrix_vStorch",2021-03-09 06:50:44,431,80
"1368929917996531712","Schon WIEDER haben gewalttätige #Linksextremisten in Stuttgart und Lörrach versucht uns anzugreifen. Folge: fünf ve… https://t.co/Le2i1YTG9M","Beatrix_vStorch",2021-03-08 14:21:40,538,155
"1368855771539251204","FridaysForFuture macht jeden Tag klarer, dass es ihnen nicht um Klima, sondern um den alten kommunistischen Klassen… https://t.co/hlawLyQjBK","Beatrix_vStorch",2021-03-08 09:27:02,439,109
"1368827969221885954","Na also, da geht sogar noch mehr. #Schweiz #MutzurWahrheit #DirekteDemokratie https://t.co/3aQLWLadk2","Beatrix_vStorch",2021-03-08 07:36:34,401,97
"1368685814293663747","Na also. Geht doch. #Burkaverbot #DirekteDemokratie https://t.co/YXuR6hJZ4J","Beatrix_vStorch",2021-03-07 22:11:41,912,126
"1368572982478704661","Das ist nun also innerhalb einer Woche der 2. von 245 Unions- Abgeordneten, der sich wegen Korruption aus dem Bunde… https://t.co/b9HAwVznU3","Beatrix_vStorch",2021-03-07 14:43:20,542,154
"1367865174963666944","Ich habe soeben die Bundesregierung schriftlich gefragt, welche personellen und organisatorischen Konsequenzen nun… https://t.co/9GNeKMbYwn","Beatrix_vStorch",2021-03-05 15:50:46,639,176
"1367839792793321474","Du weißt, dass die Regierung wirklich KOMPLETT versagt hat, wenn selbst BILD &amp; SPIEGEL jetzt eine neue Regierung fo… https://t.co/SRQCldUXZo","Beatrix_vStorch",2021-03-05 14:09:54,1112,256
"1367804098377101313","Politischer Erdrutsch. Regierung steht vor einem Scherbenhaufen. Die Instrumentalisierung des #VS gegen die demokra… https://t.co/fmxiOnyInh","Beatrix_vStorch",2021-03-05 11:48:04,1565,380
"1367761838797119489","Eklat im Plenum bei der Debatte um den vielgefeierten Internationalen Frauentag: Die Männer bei #Linke u #SPD boyko… https://t.co/FM1XCUm8bd","Beatrix_vStorch",2021-03-05 09:00:08,956,158
"1367745970402955267","Zitiert aus einem Antrag der #Linken: „Gebärfähige Körper, in der überwiegenden Mehrzahl Frauenkörper“ werden „disk… https://t.co/m6GTur2eSc","Beatrix_vStorch",2021-03-05 07:57:05,352,113
"1367384128144998401","Die Liste des Wahnsinns: Friseure jetzt auf. Blumenläden erst ab 8.3. Und die Gastronomie bleibt bis auf weiteres g… https://t.co/kEqhIfC8Bm","Beatrix_vStorch",2021-03-04 07:59:15,268,66
"1367106601979699205","Nanu, #MerkelMussWeg trendet. Und womit? Mit Recht!","Beatrix_vStorch",2021-03-03 13:36:28,2716,566
"1366708972724584449","Ich habe soeben #Anzeige gegen den steuerfinanzierten #Grünen Jeff Kwasi Klein wegen Aufforderung zu Straftaten und… https://t.co/r824babLsw","Beatrix_vStorch",2021-03-02 11:16:25,2173,479
"1365248036637716481","Die Zustimmung der Selbstständigen zur #CSU stürzt ab. Von 57,6 % auf 27,9%. Wen wundert es? #Söder zerstört den Mi… https://t.co/scHZ5juaeG","Beatrix_vStorch",2021-02-26 10:31:11,1166,305
"1365042593088884736","Da war was los! Denkwürdige Debatte heute im Bundestag. Klar ist:  einzig die @AfDimBundestag will die Linksterrori… https://t.co/2NYj1OH9iT","Beatrix_vStorch",2021-02-25 20:54:50,485,132
"1364905184514703361","Korruption bei #Spahn? Als Gesundheitsminister ein #Totalausfall, bedrängt er nun anscheinend Journalisten und vers… https://t.co/FesLychy2E","Beatrix_vStorch",2021-02-25 11:48:49,400,129
"1364856897757667331","Heute wird unsere Souveränität begraben:
Finanzminister @OlafScholz sagt, was ist: „Wir beschließen heute den Einst… https://t.co/yszOZqVlu8","Beatrix_vStorch",2021-02-25 08:36:56,523,167
"1364225245058461703","Aufgrund vieler Nachfragen: anbei das „Hinweis-Schreiben“ der #Medienanstalt Berlin-Brandenburg. Eine staatliche… https://t.co/LZ0h6r8fcQ","Beatrix_vStorch",2021-02-23 14:46:59,590,221
"1338122639064391681","Ich bin kein Impfgegner. Ich bin gegen Pocken und anderes geimpft. Aber gegen #Corona werde ich mich NICHT impfen l… https://t.co/oEGkLGGdit","Beatrix_vStorch",2020-12-13 14:04:32,1203,149
"1337893662714454019","MUST SEE!!! @MVallendar setzt Berlins Regierenden Müller SCHACH MATT. @AfDFraktionAGH https://t.co/c1lCeXoZ6z","Beatrix_vStorch",2020-12-12 22:54:40,543,131
"1337446678845157377","#Söder plädiert für schwarz-grün. Das gegenseitige Einschleimen haben er und #Habeck im Doppelinterview auch schon… https://t.co/zbpigdDVTF","Beatrix_vStorch",2020-12-11 17:18:31,587,110
"1337392030423592960","Die Masken fallen. Jetzt redet Sachsens CDU-Kretschmer schon höchstselbst von ""ganz klaren autoritären Maßnahmen de… https://t.co/ES2i7CI0Wg","Beatrix_vStorch",2020-12-11 13:41:22,518,126
"1336732984930611204","Mitarbeiter Kanzleramt unter Adenauer: 120. Jetzt: 750. Während Adenauer West-<U+0001F1E9><U+0001F1EA> aus einem Trümmerfeld aufbaute, br… https://t.co/XobDaqL2U0","Beatrix_vStorch",2020-12-09 18:02:33,753,149
"1336601982635810819","Nun ist es raus: @c_lindner nicht grundsätzlich gegen Vermögenssteuer- wenn sie denn ohne „bürokratischen Tsunami“… https://t.co/hIXCZKRUfU","Beatrix_vStorch",2020-12-09 09:22:00,258,47
